gene1,Systematic gene name
aac1,YMR056C
aac3,YBR085W
aad10,YJR155W
aad14,YNL331C
aad15,YOL165C
aad16,YFL057C
aad3,YCR107W
aad4,YDL243C
aad6,YFL056C
aah1,YNL141W
aap1,YHR047C
aar2-5001,YBL074C
aat1,YKL106W
aat2,YLR027C
abd1-5,YBR236C
abd1-8,YBR236C
abf1-102,YKL112W
abf1-102-supp1,YKL112W
abf1-103,YKL112W
abf2,YMR072W
abm1,YJR108W
abp1,YCR088W
abp140,YOR239W
abz1,YNR033W
abz2,YMR289W
aca1,YER045C
acb1,YGR037C
acc1-5007-supp1,YNR016C
acc1-5009-supp1,YNR016C
ace2,YLR131C
acf2,YLR144C
acf4,YJR083C
ach1,YBL015W
ack1,YDL203C
acl4,YDR161W
acl4-supp1,YDR161W
acm1,YPL267W
aco1,YLR304C
acs1,YAL054C
acs2-5002,YLR153C
acs2-5003,YLR153C
act1-101,YFL039C
act1-105,YFL039C
act1-108,YFL039C
act1-111,YFL039C
act1-112,YFL039C
act1-119,YFL039C
act1-120,YFL039C
act1-121,YFL039C
act1-122,YFL039C
act1-124,YFL039C
act1-125,YFL039C
act1-129,YFL039C
act1-132,YFL039C
act1-133,YFL039C
act1-136,YFL039C
act1-155,YFL039C
act1-159,YFL039C
act1-3,YFL039C
act1-4,YFL039C
ada2,YDR448W
add37,YMR184W
add66,YKL206C
ade1,YAR015W
ade12-supp1,YNL220W
ade16,YLR028C
ade17,YMR120C
ade2,YOR128C
ade3,YGR204W
ade4,YMR300C
"ade5,7",YGL234W
ade6,YGR061C
ade8,YDR408C
adf1,YCL058W-A
adh1,YOL086C
adh2,YMR303C
adh3,YMR083W
adh4,YGL256W
adh5,YBR145W
adh6,YMR318C
adh7,YCR105W
adi1,YMR009W
adk1,YDR226W
adk2,YER170W
ado1,YJR105W
adp1,YCR011C
adr1,YDR216W
ady2,YCR010C
ady3,YDL239C
ady4,YLR227C
aep1,YMR064W
aep2,YMR282C
aep3,YPL005W
afb1,YLR040C
afg1,YEL052W
afg2-18,YLR397C
afg3,YER017C
afi1,YOR129C
afr1,YDR085C
aft1,YGL071W
aft2,YPL202C
aga1,YNR044W
aga2,YGL032C
agc1,YPR021C
age1,YDR524C
age2,YIL044C
agp1,YCL025C
agp2,YBR132C
agp3,YFL055W
agx1,YFL030W
aha1,YDR214W
ahc1,YOR023C
ahc2,YCR082W
ahk1,YDL073W
ahp1,YLR109W
aht1,YHR093W
aif1,YNR074C
aim1,YAL046C
aim10,YER087W
aim11,YER093C-A
aim14,YGL160W
aim17,YHL021C
aim18,YHR198C
aim19,YIL087C
aim2,YAL049C
aim20,YIL158W
aim21,YIR003W
aim22,YJL046W
aim23,YJL131C
aim24,YJR080C
aim25,YJR100C
aim26,YKL037W
aim29,YKR074W
aim3,YBR108W
aim32,YML050W
aim33,YML087C
aim34,YMR003W
aim36,YMR157C
aim39,YOL053W
aim4,YBR194W
aim41,YOR215C
aim44,YPL158C
aim45,YPR004C
aim46,YHR199C
aim6,YDL237W
aim7,YDR063W
aim9,YER080W
aip1,YMR092C
air1,YIL079C
air2,YDL175C
akl1,YBR059C
akr1,YDR264C
akr2,YOR034C
ala1-1,YOR335C
alb1,YJL122W
ald2,YMR170C
ald3,YMR169C
ald4,YOR374W
ald5,YER073W
ald6,YPL061W
ale1,YOR175C
alf1,YNL148C
alg1-1,YBR110W
alg11,YNL048W
alg12,YNR030W
alg13-5001,YGL047W
alg14-5001,YBR070C
alg2-1,YGL065C
alg3,YBL082C
alg5,YPL227C
alg6,YOR002W
alg8,YOR067C
alg9,YNL219C
alk1,YGL021W
alk2,YBL009W
alo1,YML086C
alp1,YNL270C
alr2,YFL050C
alt1,YLR089C
alt2,YDR111C
aly1,YKR021W
aly2,YJL084C
ama1,YGR225W
amd1,YML035C
amd2,YDR242W
ame1-4,YBR211C
amf1,YOR378W
amn1,YBR158W
ams1,YGL156W
anb1,YJR047C
anp1,YEL036C
anr2,YKL047W
ans1,YHR126C
ant1,YPR128C
aos1-5001,YPR180W
aos1-5005,YPR180W
aos1-5019,YPR180W
apa1,YCL050C
apa2,YDR530C
apc1-5004,YNL172W
apc11-13,YDL008W
apc2-8,YLR127C
apc4-5001,YDR118W
apc5-ca,YOR249C
apc5-ca-paps,YOR249C
apc9,YLR102C
apd1,YBR151W
ape1,YKL103C
ape2,YKL157W
ape3,YBR286W
ape4,YHR113W
api2,YDR525W
apj1,YNL077W
apl1,YJR005W
apl2,YKL135C
apl3,YBL037W
apl4,YPR029C
apl5,YPL195W
apl6,YGR261C
apm1,YPL259C
apm2,YHL019C
apm3,YBR288C
apm4,YOL062C
apn1,YKL114C
apn2,YBL019W
app1,YNL094W
apq12,YIL040W
aps1,YLR170C
aps2,YJR058C
aps3,YJL024C
apt1,YML022W
apt2,YDR441C
aqr1,YNL065W
aqy1,YPR192W
aqy2,YLL052C
ara1,YBR149W
ara2,YMR041C
arc1,YGL105W
arc15-10,YIL062C
arc18,YLR370C
arc18-supp1,YLR370C
arc35-5,YNR035C
arc35-6,YNR035C
arc40-5001,YBR234C
ard1,YHR013C
are1,YCR048W
are2,YNR019W
arf1,YDL192W
arf2,YDL137W
arf3,YOR094W
arg80,YMR042W
arg81,YML099C
arh1-5001,YDR376W
ari1,YGL157W
ark1,YNL020C
arl1,YBR164C
arl3,YPL051W
arn1,YHL040C
arn2,YHL047C
aro1,YDR127W
aro10,YDR380W
aro2,YGL148W
aro3,YDR035W
aro4,YBR249C
aro7,YPR060C
aro8,YGL202W
aro80,YDR421W
aro9,YHR137W
arp1,YHR129C
arp10,YDR106W
arp2-14,YDL029W
arp3-31,YJR065C
arp3-f306g,YJR065C
arp3-f306g-supp1,YJR065C
arp3-f306g-supp2,YJR065C
arp4-g161d,YJL081C
arp6,YLR085C
arp7-e411k,YPR034W
arp9-1,YMR033W
arr1,YPR199C
arr2,YPR200C
arr3,YPR201W
art10,YLR392C
art5,YGR068C
arv1,YLR242C
arv1-supp1,YLR242C
arx1,YDR101C
asa1-5001,YPR085C
asc1,YMR116C
ase1,YOR058C
asf1,YJL115W
asf2,YDL197C
asg1,YIL130W
asg7,YJL170C
ash1,YKL185W
asi1,YMR119W
asi2,YNL159C
asi3,YNL008C
ask1-2,YKL052C
ask1-3,YKL052C
ask10,YGR097W
asm4,YDL088C
asn1,YPR145W
asn2,YGR124W
asp1,YDR321W
asp3-2,YLR157C
asp3-3,YLR158C
asp3-4,YLR160C
asr1,YPR093C
ast1,YBL069W
ast2,YER101C
atc1,YDR184C
ate1,YGL017W
atf1,YOR377W
atf2,YGR177C
atg1,YGL180W
atg10,YLL042C
atg11,YPR049C
atg12,YBR217W
atg13,YPR185W
atg14,YBR128C
atg15,YCR068W
atg16,YMR159C
atg17,YLR423C
atg18,YFR021W
atg19,YOL082W
atg2,YNL242W
atg20,YDL113C
atg21,YPL100W
atg22,YCL038C
atg23,YLR431C
atg26,YLR189C
atg27,YJL178C
atg29,YPL166W
atg3,YNR007C
atg31,YDR022C
atg32,YIL146C
atg33,YLR356W
atg34,YOL083W
atg36,YJL185C
atg38,YLR211C
atg39,YLR312C
atg4,YNL223W
atg40,YOR152C
atg41,YPL250C
atg5,YPL149W
atg7,YHR171W
atg8,YBL078C
atg9,YDL149W
ath1,YPR026W
atm1-5002,YMR301C
ato2,YNR002C
ato3,YDR384C
atp10,YLR393W
atp11,YNL315C
atp12,YJL180C
atp14,YLR295C
atp18,YML081C-A
atp19,YOL077W-A
atp2,YJR121W
atp20,YPR020W
atp22,YDR350C
atp23,YNR020C
atp25,YMR098C
atp3,YBR039W
atp4,YPL078C
atp5,YDR298C
atp7,YKL016C
atr1,YML116W
ats1,YAL020C
atx1,YNL259C
atx2,YOR079C
aua1,YFL010W-A
aus1,YOR011W
avl9,YLR114C
avo1-5005,YOL078W
avo2,YMR068W
avt1,YJR001W
avt3,YKL146W
avt4,YNL101W
avt5,YBL089W
avt6,YER119C
avt7,YIL088C
axl1,YPR122W
axl2,YIL140W
ayr1,YIL124W
ayt1,YLL063C
azf1,YOR113W
azr1,YGR224W
bag7,YOR134W
bap2,YBR068C
bap3,YDR046C
bar1,YIL015W
bas1,YKR099W
bat1,YHR208W
bat2,YJR148W
bbc1,YJL020C
bcd1-5001,YHR040W
bch1,YMR237W
bch2,YKR027W
bck1,YJL095W
bck2,YER167W
bcp1-ts,YDR361C
bcs1,YDR375C
bcy1,YIL033C
bdf1,YLR399C
bdf2,YDL070W
bdh1,YAL060W
bdh2,YAL061W
bdp1-5005,YNL039W
bds1,YOL164W
bem1,YBR200W
bem2,YER155C
bem3,YPL115C
bem4,YPL161C
ber1,YLR412W
bet1-1,YIL004C
bet2-1,YPR176C
bet2-1-supp1,YPR176C
bet3-5001,YKR068C
bet4-5001,YJL031C
bet4-5002,YJL031C
bet4-5007,YJL031C
bet5-5001,YML077W
bfa1,YJR053W
bfr2-5001,YDR299W
bgl2,YGR282C
big1-5001,YHR101C
bik1,YCL029C
bil1,YOR304C-A
bim1,YER016W
bio2,YGR286C
bio3,YNR058W
bio4,YNR057C
bio5,YNR056C
bit2,YBR270C
bit61,YJL058C
bli1,YKL061W
blm10,YFL007W
bls1,YLR408C
bmh1,YER177W
bmh2,YDR099W
bms1-1-supp1,YPL217C
bms1-1-supp2,YPL217C
bmt2,YBR141C
bmt5,YIL096C
bmt6,YLR063W
bna1,YJR025C
bna2,YJR078W
bna3,YJL060W
bna4,YBL098W
bna5,YLR231C
bna6,YFR047C
bna7,YDR428C
bni1,YNL271C
bni4,YNL233W
bni5,YNL166C
bnr1,YIL159W
bns1,YGR230W
boi1,YBL085W
boi2,YER114C
bop2,YLR267W
bop3,YNL042W
bor1,YNL275W
bos1-1,YLR078C
bph1,YCR032W
bpt1,YLL015W
bre1,YDL074C
bre2,YLR015W
bre4,YDL231C
bre5,YNR051C
brl1-2221,YHR036W
brl1-3231,YHR036W
brl1-c371r,YHR036W
brl1-c371s,YHR036W
brl1-k405i,YHR036W
brn1-16,YBL097W
brn1-9,YBL097W
bro1,YPL084W
brp1,YGL007W
brr1,YPR057W
brr2-5005,YER172C
brr2-5018,YER172C
brr2-5019-supp1,YER172C
brr2-5023-supp1,YER172C
brr6-5001,YGL247W
brx1-5001,YOL077C
bsc1,YDL037C
bsc2,YDR275W
bsc4,YNL269W
bsc5,YNR069C
bsc6,YOL137W
bsd2,YBR290W
bsp1,YPR171W
bst1,YFL025C
btn2,YGR142W
bts1,YPL069C
btt1,YDR252W
bub1,YGR188C
bub1-supp1,YGR188C
bub2,YMR055C
bub3,YOR026W
bud13,YGL174W
bud14,YAR014C
bud16,YEL029C
bud17,YNR027W
bud19,YJL188C
bud2,YKL092C
bud20,YLR074C
bud21,YOR078W
bud22,YMR014W
bud25-supp1,YER014C-A
bud27,YFL023W
bud27-supp1,YFL023W
bud28-supp1,YLR062C
bud3,YCL014W
bud31,YCR063W
bud32,YGR262C
bud4,YJR092W
bud6,YLR319C
bud7,YOR299W
bud8,YLR353W
bud9,YGR041W
bug1,YDL099W
bul1,YMR275C
bul2,YML111W
bur2,YLR226W
bur6-5005,YER159C
bxi1,YNL305C
bye1,YKL005C
bzz1,YHR114W
cab1-5001,YDR531W
cab2-5001,YIL083C
cab4-5001,YGR277C
cab5-1,YDR196C
cab5-5001,YDR196C
cac2,YML102W
cad1,YDR423C
caf120,YNL278W
caf130,YGR134W
caf16,YFL028C
caf20,YOR276W
caf4,YKR036C
caf40,YNL288W
caj1,YER048C
cak1-23,YFL029C
cam1,YPL048W
cap1,YKL007W
cap2,YIL034C
car1,YPL111W
car2,YLR438W
cat2,YML042W
cat5,YOR125C
cat8,YMR280C
cax4,YGR036C
cbc2,YPL178W
cbf1,YJR060W
cbf2-1,YGR140W
cbf2-2,YGR140W
cbf2-42,YGR140W
cbf5-5001,YLR175W
cbp1,YJL209W
cbp2,YHL038C
cbp4,YGR174C
cbp6-supp1,YBR120C
cbr1,YIL043C
cbs1,YDL069C
cbs2,YDR197W
cbt1,YKL208W
cca1-5001,YER168C
ccc1,YLR220W
ccc2,YDR270W
cce1,YKL011C
cch1,YGR217W
ccl1-ts4,YPR025C
ccp1,YKR066C
ccr4,YAL021C
cct2-5001,YIL142W
cct2-5002,YIL142W
cct3-5001,YJL014W
cct4-1,YDL143W
cct5-5001,YJR064W
cct6-18,YDR188W
cct6-18-supp1,YDR188W
cct7-5001,YJL111W
cct8-5001,YJL008C
cct8-5002,YJL008C
ccw12,YLR110C
ccw14,YLR390W-A
ccz1,YBR131W
cda1,YLR307W
cda2,YLR308W
cdc1-1,YDR182W
cdc1-2,YDR182W
cdc1-4,YDR182W
cdc1-6,YDR182W
cdc10-1,YCR002C
cdc10-2,YCR002C
cdc10-4,YCR002C
cdc11-1,YJR076C
cdc11-2,YJR076C
cdc11-3,YJR076C
cdc11-4,YJR076C
cdc11-5,YJR076C
cdc12-1,YHR107C
cdc12-td,YHR107C
cdc123-4,YLR215C
cdc13-1,YDL220C
cdc14-1,YFR028C
cdc14-2,YFR028C
cdc14-8,YFR028C
cdc15-1,YAR019C
cdc15-2,YAR019C
cdc16-1,YKL022C
cdc19-1,YAL038W
cdc2-1,YDL102W
cdc2-2,YDL102W
cdc2-7,YDL102W
cdc20-1,YGL116W
cdc20-2,YGL116W
cdc20-3,YGL116W
cdc21-1,YOR074C
cdc21-ts,YOR074C
cdc23-1,YHR166C
cdc23-4,YHR166C
cdc24-1,YAL041W
cdc24-11,YAL041W
cdc24-2,YAL041W
cdc24-3,YAL041W
cdc24-4,YAL041W
cdc24-5,YAL041W
cdc24-h,YAL041W
cdc25-1-supp1,YLR310C
cdc25-2-supp1,YLR310C
cdc25-2-supp2,YLR310C
cdc26,YFR036W
cdc26-1,YFR036W
cdc27-1,YBL084C
cdc27-2,YBL084C
cdc28-1,YBR160W
cdc28-13,YBR160W
cdc28-4,YBR160W
cdc28-td,YBR160W
cdc3-1,YLR314C
cdc3-3,YLR314C
cdc34-1,YDR054C
cdc34-2,YDR054C
cdc35-1,YJL005W
cdc36-16,YDL165W
cdc37-1,YDR168W
cdc37-ts,YDR168W
cdc39-1,YCR093W
cdc4-1,YFL009W
cdc4-2,YFL009W
cdc4-3,YFL009W
cdc40,YDR364C
cdc40-ts,YDR364C
cdc42-1,YLR229C
cdc43-2,YGL155W
cdc45-27,YLR103C
cdc46-1,YLR274W
cdc47-ts,YBR202W
cdc48-1,YDL126C
cdc48-2,YDL126C
cdc48-3,YDL126C
cdc48-9,YDL126C
cdc50,YCR094W
cdc53-1,YDL132W
cdc55-supp1,YGL190C
cdc6-1,YJL194W
cdc60-ts,YPL160W
cdc7-1,YDL017W
cdc7-4,YDL017W
cdc73,YLR418C
cdc8-1,YJR057W
cdc8-2,YJR057W
cdc9-1-supp1,YDL164C
cdc9-1-supp2,YDL164C
cdc9-5002,YDL164C
cdd1,YLR245C
cdh1,YGL003C
cds1-5001,YBR029C
cef1-13,YMR213W
ceg1-3,YGL130W
ceg1-34,YGL130W
ceg1-c354,YGL130W
ceg1-ts,YGL130W
cem1,YER061C
cep3-1,YMR168C
cep3-2,YMR168C
cet1-1,YPL228W
cet1-1-supp1,YPL228W
cet1-15,YPL228W
cet1-2,YPL228W
cex1,YOR112W
cfd1-5001,YIL003W
cfd1-5002,YIL003W
cfd1-5003,YIL003W
cft1-5003,YDR301W
cft2-1,YLR115W
cft2-5001,YLR115W
cgi121,YML036W
cgr1-supp1,YGL029W
cha1,YCL064C
cha4,YLR098C
chd1,YER164W
chk1,YBR274W
chl1,YPL008W
chl4,YDR254W
chm7,YJL049W
cho2,YGR157W
chs2-5006,YBR038W
chs3,YBR023C
chs5,YLR330W
chs6,YJL099W
chs7,YHR142W
chz1,YER030W
cia1-5007,YDR267C
cia2-5001,YHR122W
cik1,YMR198W
cin1,YOR349W
cin2,YPL241C
cin4,YMR138W
cin5,YOR028C
cin8,YEL061C
cir1,YGR207C
cir2,YOR356W
cis1,YLR346C
cis3,YJL158C
cit1,YNR001C
cit2,YCR005C
cit3,YPR001W
cka1,YIL035C
cka2,YOR061W
ckb1,YGL019W
ckb2,YOR039W
cki1,YLR133W
cks1-35,YBR135W
cks1-38,YBR135W
cla4,YNL298W
clb1,YGR108W
clb2,YPR119W
clb3,YDL155W
clb4,YLR210W
clb5,YPR120C
clb6,YGR109C
cld1,YGR110W
clf1-1,YLR117C
clg1,YGL215W
cln1,YMR199W
cln2,YPL256C
cln3,YAL040C
clp1-5001,YOR250C
clu1,YMR012W
cmc1,YKL137W
cmc2,YBL059C-A
cmc4,YMR194C-B
cmd1-1,YBR109C
cmd1-3,YBR109C
cmd1-8,YBR109C
cmg1,YLR271W
cmk1,YFR014C
cmk2,YOL016C
cmp2,YML057W
cmr1,YDL156W
cmr2,YOR093C
cmr3,YPR013C
cms1,YLR003C
cna1,YLR433C
cnb1,YKL190W
cne1,YAL058W
cnl1,YDR357C
cnn1,YFR046C
coa1,YIL157C
coa2,YPL189C-A
coa3,YJL062W-A
coa4,YLR218C
coa6,YMR244C-A
cof1-5,YLL050C
cof1-8,YLL050C
cof1-8-supp1,YLL050C
cog2-1,YGR120C
cog3-1,YER157W
cog3-2,YER157W
cog4-5001,YPR105C
cog4-5002,YPR105C
cog4-5004,YPR105C
cog4-5005,YPR105C
cog5,YNL051W
cog6,YNL041C
cog7,YGL005C
cog8,YML071C
com2,YER130C
cop1-1,YDL145C
coq1,YBR003W
coq10,YOL008W
coq11,YLR290C
coq2,YNR041C
coq4,YDR204W
coq5,YML110C
coq6,YGR255C
coq8,YGL119W
coq9,YLR201C
cos1,YNL336W
cos10,YNR075W
cos111,YBR203W
cos12,YGL263W
cos5,YJR161C
cos6,YGR295C
cos7,YDL248W
cos8,YHL048W
cot1,YOR316C
cox10,YPL172C
cox11,YPL132W
cox12,YLR038C
cox13,YGL191W
cox14,YML129C
cox15,YER141W
cox16,YJL003W
cox17,YLL009C
cox18,YGR062C
cox19,YLL018C-A
cox20,YDR231C
cox23,YHR116W
cox4,YGL187C
cox5a,YNL052W
cox5b,YIL111W
cox6,YHR051W
cox7,YMR256C
cox8,YLR395C
cox9,YDL067C
coy1,YKL179C
cpd1,YGR247W
cpr1,YDR155C
cpr2,YHR057C
cpr3,YML078W
cpr4,YCR069W
cpr5,YDR304C
cpr6,YLR216C
cpr7,YJR032W
cpr8,YNR028W
cps1,YJL172W
cpt1,YNL130C
crc1,YOR100C
crd1,YDL142C
crf1,YDR223W
crg1,YHR209W
crh1,YGR189C
crm1-1,YGR218W
crn1,YLR429W
crp1,YHR146W
crr1,YLR213C
crs5,YOR031W
crt10,YOL063C
crz1,YNL027W
csc1,YLR241W
cse1-5002,YGL238W
cse2,YNR010W
cse4-1,YKL049C
csf1,YLR087C
csg2,YBR036C
csh1,YBR161W
csi1,YMR025W
csi2,YOL007C
csl4-5001,YNL232W
csm1,YCR086W
csm2,YIL132C
csm3,YMR048W
csm4,YPL200W
csn9,YDR179C
csr1,YLR380W
csr2,YPR030W
cst26,YBR042C
cst6,YIL036W
cst9,YLR394W
cta1,YDR256C
ctf13-30,YMR094W
ctf18,YMR078C
ctf19,YPL018W
ctf3,YLR381W
ctf4,YPR135W
ctf8,YHR191C
ctf8-162,YHR191C
ctf8-9,YHR191C
cth1,YDR151C
cti6,YPL181W
ctk1-supp1,YKL139W
ctk3,YML112W
ctl1,YMR180C
ctm1,YHR109W
cto1,YCR015C
ctp1,YBR291C
ctr1,YPR124W
ctr2,YHR175W
ctr3,YLR411W
ctr86-5001,YCR054C
ctr9,YOL145C
cts1,YLR286C
cts2,YDR371W
ctt1,YGR088W
cue1,YMR264W
cue2,YKL090W
cue3,YGL110C
cue4,YML101C
cue5,YOR042W
cul3,YGR003W
cup1-2,YHR055C
cup2,YGL166W
cup9,YPL177C
cur1,YPR158W
cus1-3,YMR240C
cus2,YNL286W
cuz1,YNL155W
cwc15,YDR163W
cwc2-1,YDL209C
cwc21,YDR482C
cwc22-5001,YGR278W
cwc24-5001,YLR323C
cwc24-5004,YLR323C
cwc24-5018,YLR323C
cwc24-5020,YLR323C
cwc25-5011,YNL245C
cwc27,YPL064C
cwh41,YGL027C
cwh43,YCR017C
cwp1,YKL096W
cwp2,YKL096W-A
cyb2,YML054C
cyb5,YNL111C
cyc1,YJR048W
cyc2,YOR037W
cyc3,YAL039C
cyc8,YBR112C
cyk3,YDL117W
cym1,YDR430C
cys3,YAL012W
cys4,YGR155W
cyt1,YOR065W
cyt2,YKL087C
dad1-5005,YDR016C
dad2-9,YKR083C
dak1,YML070W
dak2,YFL053W
dal1,YIR027C
dal2,YIR029W
dal3,YIR032C
dal4,YIR028W
dal5,YJR152W
dal7,YIR031C
dal80,YKR034W
dal81,YIR023W
dal82,YNL314W
dam1-1,YGR113W
dam1-11,YGR113W
dam1-19,YGR113W
dam1-5,YGR113W
dam1-9,YGR113W
dan1,YJR150C
dan4,YJR151C
dap1,YPL170W
dap2,YHR028C
das1,YJL149W
das2,YDR020C
dat1,YML113W
dbf2,YGR092W
dbf2-1,YGR092W
dbf2-2,YGR092W
dbf2-3,YGR092W
dbf20,YPR111W
dbf4-1,YDR052C
dbf4-2,YDR052C
dbf4-3,YDR052C
dbf4-4,YDR052C
dbf4-ts,YDR052C
dbp1,YPL119C
dbp10-5001,YDL031W
dbp10-5004,YDL031W
dbp10-5006,YDL031W
dbp10-5008,YDL031W
dbp2-5002,YNL112W
dbp2-5003,YNL112W
dbp2-5004,YNL112W
dbp2-5005,YNL112W
dbp3,YGL078C
dbp5-1,YOR046C
dbp6-5001,YNR038W
dbp7,YKR024C
dbp9-5001,YLR276C
dbr1,YKL149C
dcc1,YCL016C
dcd1,YHR144C
dcg1,YIR030C
dci1,YOR180C
dck1,YLR422W
dck1-supp1,YLR422W
dcn1,YLR128W
dcp1-5007,YOL149W
dcp2-7,YNL118C
dcp2-7d,YNL118C
dcr2,YLR361C
dcs1,YLR270W
dcs2,YOR173W
dcv1,YFR012W
dcw1,YKL046C
ddc1,YPL194W
ddi1,YER143W
ddi2,YFL061W
ddp1,YOR163W
ddr2,YOL052C-A
ddr48,YMR173W
ded1-199,YOR204W
ded1-95,YOR204W
ded1-f144c,YOR204W
ded81-5001,YHR019C
def1,YKL054C
deg1,YFL001W
dep1,YAL013W
der1,YBR201W
det1,YDR051C
dfg10,YIL049W
dfg16,YOR030W
dfg5,YMR238W
dfm1,YDR411C
dfr1-td,YOR236W
dfr1-td-supp1,YOR236W
dga1,YOR245C
dgk1,YOR311C
dgr1,YNL130C-A
dgr2,YKL121W
dhr2-5001,YKL078W
dia1,YMR316W
dia2,YOR080W
dia3,YDL024C
dia4,YHR011W
dib1-5001,YPR082C
dic1,YLR348C
did2,YKR035W-A
did4,YKL002W
die2,YGR227W
dif1,YLR437C
dig1,YPL049C
dig2,YDR480W
dim1-2,YPL266W
din7,YDR263C
dip2-5001,YLR129W
dip5,YPL265W
dis3-1,YOL021C
dit1,YDR403W
dit2,YDR402C
djp1,YIR004W
dld1,YDL174C
dld2,YDL178W
dld3,YEL071W
dls1,YJL065C
dlt1,YMR126C
dma2,YNL116W
dmc1,YER179W
dml1-5001,YMR211W
dna2-2,YHR164C
dnf1,YER166W
dnf2,YDR093W
dnf3,YMR162C
dnl4,YOR005C
dnm1,YLL001W
doa1,YKL213C
doa4,YDR069C
doa4-supp1,YDR069C
doc1-supp1,YGL240W
dog1,YHR044C
dog2,YHR043C
dom34,YNL001W
don1,YDR273W
dop1-1,YDR141C
dos2,YDR068W
dot1,YDR440W
dot5,YIL010W
dot6,YER088C
dpb11-1-supp1,YJL090C
dpb11-1-supp2,YJL090C
dpb3,YBR278W
dpb4,YDR121W
dph1,YIL103W
dph2,YKL191W
dph5,YLR172C
dph6,YLR143W
dpl1,YDR294C
dpm1-6,YPR183W
dpm1-6-supp1,YPR183W
dpp1,YDR284C
drn1,YGR093W
drs1-5001,YLL008W
drs1-5002,YLL008W
drs2-supp1,YAL026C
dsc2,YOL073C
dsc3,YOR223W
dsd1,YGL196W
dse1,YER124C
dse2,YHR143W
dse3,YOR264W
dse4,YNR067C
dsf1,YEL070W
dsf2,YBR007C
dsk2,YMR276W
dsn1-7,YIR010W
dsn1-8,YIR010W
dss1,YMR287C
dss4,YPR017C
dst1,YGL043W
dtd1,YDL219W
dtr1,YBR180W
duf1,YOL087C
dug1,YFR044C
dug2,YBR281C
dug3,YNL191W
dun1,YDL101C
duo1-2,YGL061C
"dur1,2",YBR208C
dur3,YHL016C
dus1,YML080W
dus3,YLR401C
dus4,YLR405W
dut1-5001,YBR252W
dxo1,YDR370C
dyn1,YKR054C
dyn2,YDR424C
dyn3,YMR299C
dys1-5002,YHR068W
eaf3,YPR023C
eaf5,YEL018W
eaf6,YJR082C
eaf7,YNL136W
eap1,YKL204W
ear1,YMR171C
ebp2-1,YKL172W
ebs1,YDR206W
eci1,YLR284C
ecl1,YGR146C
ecm1,YAL059W
ecm10,YEL030W
ecm11,YDR446W
ecm12,YHR021W-A
ecm13,YBL043W
ecm14,YHR132C
ecm15,YBL001C
ecm18,YDR125C
ecm19,YLR390W
ecm2,YBR065C
ecm21,YBL101C
ecm22,YLR228C
ecm23,YPL021W
ecm25,YJL201W
ecm27,YJR106W
ecm29,YHL030W
ecm3,YOR092W
ecm30,YLR436C
ecm31,YBR176W
ecm32,YER176W
ecm33,YBR078W
ecm34,YHL043W
ecm38,YLR299W
ecm4,YKR076W
ecm5,YMR176W
ecm7,YLR443W
ecm8,YBR076W
eco1-1,YFR027W
ect1,YGR007W
edc1,YGL222C
edc2,YER035W
edc3,YEL015W
ede1,YBL047C
eds1,YBR033W
eeb1,YPL095C
efm1,YHL039W
efm2,YBR271W
efm3,YJR129C
efm4,YIL064W
efm5,YGR001C
efm6,YNL024C
eft1,YOR133W
eft2,YDR385W
egd1,YPL037C
egd2,YHR193C
egh1,YIR007W
ego2,YCR075W-A
ego4,YNR034W-A
egt2,YNL327W
ehd3,YDR036C
eht1,YBR177C
eis1,YMR031C
eki1,YDR147W
ela1,YNL230C
elc1,YPL046C
elf1,YKL160W
elg1,YOR144C
elm1,YKL048C
elo1,YJL196C
elo2,YCR034W
elo3,YLR372W
elp2,YGR200C
elp3,YPL086C
elp4,YPL101W
elp6,YMR312W
emc1,YCL045C
emc10,YDR056C
emc2,YJR088C
emc3,YKL207W
emc4,YGL231C
emc5,YIL027C
emc6,YLL014W
emg1-1,YLR186W
emg1-1-supp1,YLR186W
emg1-5001,YLR186W
emi1,YDR512C
emi2,YDR516C
emp24,YGL200C
emp46,YLR080W
emp47,YFL048C
emp65,YER140W
emp70,YLR083C
ena1,YDR040C
ena5,YDR038C
enb1,YOL158C
end3-supp1,YNL084C
eno1,YGR254W
eno2,YHR174W
enp1-1,YBR247C
enp2-5001,YGR145W
ent1,YDL161W
ent2,YLR206W
ent3,YJR125C
ent4,YLL038C
ent5,YDR153C
env10,YLR065C
env11,YGR071C
env7,YPL236C
env9,YOR246C
eos1-supp1,YNL080C
eos1-supp2,YNL080C
epo1,YMR124W
eps1,YIL005W
ept1,YHR123W
erb1-5001,YMR049C
erc1,YHR032W
erd1,YDR414C
erd2-5001,YBL040C
erf2,YLR246W
erg10-1,YPL028W
erg11-td,YHR007C
erg12-5001,YMR208W
erg13-5001,YML126C
erg2,YMR202W
erg24-supp1,YNL280C
erg25-5001,YGR060W
erg26-1,YGL001C
erg27-5001,YLR100W
erg3,YLR056W
erg4,YGL012W
erg5,YMR015C
erg6,YML008C
erg7-5001,YHR072W
erg7-5003,YHR072W
erg7-5005,YHR072W
erg8-1,YMR220W
erg9-5001,YHR190W
eri1,YPL096C-A
erj5,YFR041C
ero1-1,YML130C
erp1,YAR002C-A
erp2,YAL007C
erp3,YDL018C
erp4,YOR016C
erp5,YHR110W
erp6,YGL002W
err1,YOR393W
ers1,YCR075C
ert1,YBR239C
erv14,YGL054C
erv15,YBR210W
erv2,YPR037C
erv25,YML012W
erv29,YGR284C
erv41,YML067C
erv46,YAL042W
esa1-d414,YOR244W
esa1-l254p,YOR244W
esbp6,YNL125C
esc1,YMR219W
esc2,YDR363W
esc8,YOL017W
esf1-5007,YDR365C
esf1-5010,YDR365C
esf2-5005,YNR054C
esf2-5006,YNR054C
esl1,YIL151C
esl2,YKR096W
esp1-1,YGR098C
ess1-h164r,YJR017C
ess1-h164r-supp1,YJR017C
est1,YLR233C
est3,YIL009C-A
etp1,YHL010C
etr1,YBR026C
ett1,YOR051C
eug1,YDR518W
exg1,YLR300W
exg2,YDR261C
exo1,YOR033C
exo5,YBR163W
exo70-29/37,YJL085W
exo70-29/37-supp1,YJL085W
exo70-38,YJL085W
exo84-102,YBR102C
faa1,YOR317W
faa2,YER015W
faa3,YIL009W
faa4,YMR246W
fab1-supp1,YFR019W
fad1-5001,YDL045C
faf1-5001,YIL019W
fal1-1,YDR021W
fap1,YNL023C
far10,YLR238W
far11,YNL127W
far3,YMR052W
far7,YFR008W
far8,YMR029C
fas2-5001,YPL231W
fas2-5003,YPL231W
fas2-5008,YPL231W
fas2-5011,YPL231W
fas2-5012,YPL231W
fas2-5022,YPL231W
fat1,YBR041W
fat3,YKL187C
fau1,YER183C
fbp1,YLR377C
fbp26,YJL155C
fcf1-5001,YDR339C
fcf2-5011,YLR051C
fcp1-1-supp1,YMR277W
fcp1-1-supp2,YMR277W
fcp1-1-supp3,YMR277W
fcy1,YPR062W
fcy2,YER056C
fcy21,YER060W
fcy22,YER060W-A
fdc1,YDR539W
fdh1,YOR388C
fdh2,YPL275W
fes1,YBR101C
fet3,YMR058W
fet4,YMR319C
fet5,YFL041W
fex1,YOR390W
fex2,YPL279C
fhl1-5004,YPR104C
fhn1,YGR131W
fig1,YBR040W
fig2,YCR089W
fig4,YNL325C
fin1,YDR130C
fip1-433,YJR093C
fip1-5001,YJR093C
fir1,YER032W
fis1,YIL065C
fit1,YDR534C
fit2,YOR382W
fit3,YOR383C
fkh1,YIL131C
fkh2,YNL068C
fks1,YLR342W
fks3,YMR306W
flc1,YPL221W
flc2,YAL053W
flc3,YGL139W
flo1,YAR050W
flo10,YKR102W
flo11,YIR019C
flo8,YER109C
flo9,YAL063C
flr1,YBR008C
flx1,YIL134W
fmc1,YIL098C
fmn1-5001,YDR236C
fmo1,YHR176W
fmp10,YER182W
fmp16,YDR070C
fmp23,YBR047W
fmp25,YLR077W
fmp27,YLR454W
fmp30,YPL103C
fmp32,YFL046W
fmp33,YJL161W
fmp40,YPL222W
fmp41,YNL168C
fmp45,YDL222C
fmp46,YKR049C
fmp48,YGR052W
fmp52,YER004W
fms1,YMR020W
fmt1,YBL013W
fob1,YDR110W
fox2,YKR009C
fpk1,YNR047W
fpr1,YNL135C
fpr2,YDR519W
fpr3,YML074C
fpr4,YLR449W
fps1,YLL043W
fra1,YLL029W
fra2,YGL220W
frd1,YEL047C
fre1,YLR214W
fre2,YKL220C
fre3,YOR381W
fre4,YNR060W
fre5,YOR384W
fre6,YLL051C
fre7,YOL152W
fre8,YLR047C
frk1,YPL141C
frm2,YCL026C-A
frq1-1,YDR373W
frs1-5001,YLR060W
frs2-5001,YFL022C
frt1,YOR324C
frt2,YAL028W
fsf1,YOR271C
fsh1,YHR049W
fsh2,YMR222C
fsh3,YOR280C
fth1,YBR207W
ftr1,YER145C
fub1,YCR076C
fui1,YBL042C
fum1,YPL262W
fun14,YAL008W
fun19,YAL034C
fun26,YAL022C
fun30,YAL019W
fur1-5002,YHR128W
fus1,YCL027W
fus2,YMR232W
fyv1,YDR024W
fyv10,YIL097W
fyv12,YOR183W
fyv4,YHR059W
fyv7,YLR068W
fyv8,YGR196C
fzf1,YGL254W
fzo1,YBR179C
gaa1-ts,YLR088W
gab1-1,YLR459W
gab1-2,YLR459W
gab1-3,YLR459W
gac1,YOR178C
gad1,YMR250W
gal1,YBR020W
gal10,YBR019C
gal11,YOL051W
gal2,YLR081W
gal3,YDR009W
gal4,YPL248C
gal7,YBR018C
gal80,YML051W
gal83,YER027C
gap1,YKR039W
gar1,YHR089C
gas1,YMR307W
gas2,YLR343W
gas3,YMR215W
gas4,YOL132W
gas5,YOL030W
gat1,YFL021W
gat2,YMR136W
gat3,YLR013W
gat4,YIR013C
gbp2,YCL011C
gcd1-5001,YOR260W
gcd1-502,YOR260W
gcd1-502-supp1,YOR260W
gcd1-502-supp2,YOR260W
gcd10-506,YNL062C
gcd11-5001-supp1,YER025W
gcd11-5002,YER025W
gcd14-4,YJL125C
gcd14-4-supp1,YJL125C
gcd2-5005,YGR083C
gcd2-5006,YGR083C
gcd6-5003,YDR211W
gcd7-5001,YLR291C
gcg1,YER163C
gcn1,YGL195W
gcn2,YDR283C
gcn20,YFR009W
gcn3,YKR026C
gcn4,YEL009C
gcr2,YNL199C
gcs1,YDL226C
gcv1,YDR019C
gcv2,YMR189W
gcv3,YAL044C
gcy1,YOR120W
gda1,YEL042W
gdb1,YPR184W
gde1,YPL110C
gdh1,YOR375C
gdh2,YDL215C
gdh3,YAL062W
gdi1-1,YER136W
gds1,YOR355W
gdt1,YBR187W
gea1,YJR031C
gef1,YJR040W
gem1,YAL048C
gep3,YOR205C
gep5,YLR091W
gep7,YGL057C
get1,YGL020C
get1-supp1,YGL020C
get2,YER083C
get3,YDL100C
get4,YOR164C
gex2,YKR106W
gfa1-97,YKL104C
gfd1,YMR255W
gfd2,YCL036W
gga1,YDR358W
gga2,YHR108W
gic1,YHR061C
gic2,YDR309C
gid7,YCL039W
gid8,YMR135C
gim3,YNL153C
gim4,YEL003W
gim5,YML094W
gin4,YDR507C
gip1,YBR045C
gip2,YER054C
gip3,YPL137C
gip4,YAL031C
gir2,YDR152W
gis1,YDR096W
gis2,YNL255C
gis3,YLR094C
gis4,YML006C
git1,YCR098C
glc3,YEL011W
glc7-12,YER133W
glc8,YMR311C
gle1-2,YDL207W
gle1-4,YDL207W
gle2,YER107C
glg1,YKR058W
glg2,YJL137C
glk1,YCL040W
gln1-5001,YPR035W
gln1-5007,YPR035W
gln3,YER040W
gln4-5001,YOR168W
glo1,YML004C
glo2,YDR272W
glo3,YER122C
glo3-supp1,YER122C
glo4,YOR040W
glr1,YPL091W
glt1,YDL171C
gmc1,YDR506C
gmc2,YLR445W
gmh1,YKR030W
gna1-5001,YFL017C
gna1-ts,YFL017C
gnd2,YGR256W
gnp1,YDR508C
gnt1,YOR320C
gon7,YJL184W
gor1,YNL274C
gos1-supp1,YHL031C
got1,YMR292W
gpb1,YOR371C
gpb2,YAL056W
gpd1,YDL022W
gpd2,YOL059W
gpg1,YGL121C
gph1,YPR160W
gpi1-1,YGR216C
gpi10-5001,YGL142C
gpi11-5001,YDR302W
gpi11-5001-supp1,YDR302W
gpi12-5001,YMR281W
gpi13-3-supp1,YLL031C
gpi13-4,YLL031C
gpi13-5,YLL031C
gpi13-5-supp1,YLL031C
gpi14-5007,YJR013W
gpi15-5001,YNL038W
gpi16-5001,YHR188C
gpi17-5001,YDR434W
gpi18-5001,YBR004C
gpi19-2,YDR437W
gpi19-2xh,YDR437W
gpi19-5001,YDR437W
gpi2-1-7b,YPL076W
gpi2-774,YPL076W
gpi8-5001,YDR331W
gpi8-ts,YDR331W
gpm2,YDL021W
gpm3,YOL056W
gpn2-5001,YOR262W
gpn3-5005,YLR243W
gpp1,YIL053W
gpp2,YER062C
gpr1,YDL035C
gpt2,YKR067W
gpx1,YKL026C
gpx2,YBR244W
grc3-5001,YLL035W
grc3-5001-supp1,YLL035W
gre1,YPL223C
gre2,YOL151W
gre3,YHR104W
grh1,YDR517W
grs1-5001,YBR121C
grs2,YPR081C
grx1,YCL035C
grx2,YDR513W
grx3,YDR098C
grx4,YER174C
grx6,YDL010W
grx7,YBR014C
grx8,YLR364W
gsc2,YGR032W
gsf2,YML048W
gsh1,YJL101C
gsh2,YOL049W
gsm1,YJL103C
gsp1,YLR293C
gsp1-p162l,YLR293C
gsp2,YOR185C
gsy1,YFR015C
gsy2,YLR258W
gtb1,YDR221W
gtf1,YGR102C
gto1,YGR154C
gto3,YMR251W
gtr1,YML121W
gtr2,YGR163W
gtr2-supp1,YGR163W
gts1,YGL181W
gtt1,YIR038C
gtt2,YLL060C
gtt3,YEL017W
gud1,YDL238C
guf1,YLR289W
guk1-5001,YDR454C
gup1,YGL084C
gup2,YPL189W
gus1-5001,YGL245W
gut1,YHL032C
gut2,YIL155C
gvp36,YIL041W
gwt1-20,YJL091C
gyl1,YMR192W
gyp1,YOR070C
gyp5,YPL249C
gyp6,YJL044C
gyp7,YDL234C
gyp8,YFL027C
gzf3,YJL110C
haa1,YPR008W
hac1,YFL031W
hal1,YPR005C
hal5,YJL165C
hal9,YOL089C
ham1,YJR069C
hap1,YLR256W
hap2,YGL237C
hap3,YBL021C
hap4,YKL109W
hap5,YOR358W
has1-5001,YMR290C
hat1,YPL001W
hbn1,YCL026C-B
hbs1,YKR084C
hbt1,YDL223C
hca4-5002,YJL033W
hca4-5009,YJL033W
hch1,YNL281W
hcm1,YCR065W
hcr1,YLR192C
hcs1,YKL017C
hda1,YNL021W
hda2,YDR295C
hda3,YPR179C
hef3,YNL014W
heh2,YDR458C
hek2,YBL032W
hel1,YKR017C
hel2,YDR266C
hem1-5003,YDR232W
hem1-5004,YDR232W
hem12-5005,YDR047W
hem13-5001,YDR044W
hem25,YDL119C
hem4-5001,YOR278W
her1,YOR227W
her2,YMR293C
hes1,YOR237W
hfa1,YMR207C
hfd1,YMR110C
hfi1,YPL254W
hfm1,YGL251C
hgh1,YGR187C
hhf1,YBR009C
hhf2,YNL030W
hho1,YPL127C
hht1,YBR010W
hht2,YNL031C
hif1,YLL022C
him1,YDR317W
hir1,YBL008W
hir2,YOR038C
hir3,YJR140C
hit1,YJR055W
hkr1,YDR420W
hlj1,YMR161W
hlr1,YDR528W
hmf1,YER057C
hmg1,YML075C
hmg2,YLR450W
hmi1,YOL095C
hmo1,YDR174W
hmra1,YCR097W
hms1,YOR032C
hms2,YJR147W
hmt1,YBR034C
hmx1,YLR205C
hnm1,YGL077C
hnt1,YDL125C
hnt2,YDR305C
hoc1,YJR075W
hog1,YLR113W
hol1,YNR055C
hom2,YDR158W
hom3,YER052C
hom6,YJR139C
hop1,YIL072W
hop2,YGL033W
hor7,YMR251W-A
hos1,YPR068C
hos2,YGL194C
hos3,YPL116W
hos4,YIL112W
hot1,YMR172W
hot13,YKL084W
hpa2,YPR193C
hpa3,YEL066W
hpc2,YBR215W
hpf1,YOL155C
hpm1,YIL110W
hpt1,YDR399W
hrb1,YNL004W
hrd1,YOL013C
hrd3,YLR207W
hri1,YLR301W
hrk1,YOR267C
hrp1-1,YOL123W
hrp1-4,YOL123W
hrq1,YDR291W
hrr25-5001,YPL204W
hrt3,YLR097C
hsc82,YMR186W
hse1,YHL002W
hsf1-848,YGL073W
hsh49-5002,YOR319W
hsl1,YKL101W
hsl7,YBR133C
hsm3,YBR272C
hsp10-ts,YOR020C
hsp104,YLL026W
hsp12,YFL014W
hsp150,YJL159W
hsp26,YBR072W
hsp30,YCR021C
hsp31,YDR533C
hsp32,YPL280W
hsp33,YOR391C
hsp42,YDR171W
hsp60-5001,YLR259C
hsp60-5005,YLR259C
hsp78,YDR258C
hsp82,YPL240C
hst1,YOL068C
hst2,YPL015C
hst3,YOR025W
hst4,YDR191W
hsv2,YGR223C
hta1,YDR225W
hta2,YBL003C
htb2,YBL002W
htd2,YHR067W
htl1,YCR020W-B
hts1-1,YPR033C
htz1,YOL012C
hua1,YGR268C
hua2,YOR284W
hub1,YNR032C-A
hug1,YML058W-A
hul4,YJR036C
hul5,YGL141W
hur1,YGL168W
hut1,YPL244C
hvg1,YER039C
hxk1,YFR053C
hxk2,YGL253W
hxt1,YHR094C
hxt10,YFL011W
hxt12,YIL170W
hxt13,YEL069C
hxt14,YNL318C
hxt15,YDL245C
hxt2,YMR011W
hxt3,YDR345C
hxt4,YHR092C
hxt5,YHR096C
hxt6,YDR343C
hxt8,YJL214W
hxt9,YJL219W
hym1-15,YKL189W
hyp2-1,YEL034W
hyp2-2,YEL034W
hyp2-3,YEL034W
hyp2-ts,YEL034W
hyr1,YIR037W
hys2-ts,YJR006W
iah1,YOR126C
ibd2,YNL164C
ice2,YIL090W
icl1,YER065C
icl2,YPR006C
icp55,YER078C
ics2,YBR157C
ics3,YJL077C
ict1,YLR099C
icy1,YMR195W
idh1,YNL037C
idh2,YOR136W
idi1-5001,YPL117C
idi1-5005,YPL117C
idp1,YDL066W
idp2,YLR174W
idp3,YNL009W
ids2,YJL146W
ies1,YFL013C
ies2,YNL215W
ies3,YLR052W
ies4,YOR189W
ies5,YER092W
ifm1,YOL023W
igd1,YFR017C
igo1,YNL157W
igo2,YHR132W-A
iki1,YHR187W
iki3,YLR384C
iks1,YJL057C
ilm1,YJR118C
ils1-1,YBL076C
ilv1,YER086W
ilv5-5004,YLR355C
ilv6,YCL009C
ima1,YGR287C
ima2,YOL157C
ima4,YJL221C
ima5,YJL216C
imd1,YAR073W
imd2,YHR216W
imd3,YLR432W
imd4,YML056C
ime1,YJR094C
ime2,YJL106W
ime4,YGL192W
img1,YCR046C
img2,YCR071C
imh1,YLR309C
iml1,YJR138W
iml2,YJL082W
iml3,YBR107C
imo32,YGR031W
imp1,YMR150C
imp2,YMR035W
imp2',YIL154C
imp4-2,YNL075W
ina1,YLR413W
ina17,YPL099C
ina22,YIR024C
inh1,YDL181W
inm1,YHR046C
inm2,YDR287W
inn1-5007,YNL152W
ino1,YJL153C
ino2,YDR123C
ino4,YOL108C
ino80-5002,YGL150C
inp1,YMR204C
inp2,YMR163C
inp51,YIL002C
inp52,YNL106C
inp53,YOR109W
inp54,YOL065C
ioc2,YLR095C
ioc3,YFR013W
ioc4,YMR044W
ipi1-5001,YHR085W
ipi3-5001,YNL182C
ipk1,YDR315C
ipl1-1,YPL209C
ipl1-2,YPL209C
ipp1-5001,YBR011C
ipt1,YDR072C
iqg1-5004,YPL242C
ira2,YOL081W
irc10,YOL015W
irc11,YOR013W
irc13,YOR235W
irc14,YOR135C
irc15,YPL017C
irc16,YPR038W
irc18,YJL037W
irc19-supp1a,YLL033W
irc2,YDR112W
irc20,YLR247C
irc21,YMR073C
irc22,YEL001C
irc23,YOR044W
irc24,YIR036C
irc25,YLR021W
irc3,YDR332W
irc4,YDR540C
irc5,YFR038W
irc6,YFR043C
irc7,YFR055W
irc8,YJL051W
irc9,YJL142C
ire1,YHR079C
irr1-1,YIL026C
irs4,YKR019C
isa1,YLL027W
isc1-supp1,YER019W
isc10,YER180C
isd11-5003,YER048W-A
isf1,YMR081C
ism1-supp1,YPL040C
isn1,YOR155C
isr1,YPR106W
ist1,YNL265C
ist2,YBR086C
ist3,YIR005W
isu1,YPL135W
isu2,YOR226C
isw1,YBR245C
isw2,YOR304W
isy1,YJR050W
itc1,YGL133W
itr1,YDR497C
itr2,YOL103W
itt1,YML068W
ivy1,YDR229W
iwr1,YDL115C
ixr1,YKL032C
izh1,YDR492W
izh2,YOL002C
izh3,YLR023C
izh4,YOL101C
jem1,YJL073W
jen1,YKL217W
jhd1,YER051W
jhd2,YJR119C
jid1,YPR061C
jip4,YDR475C
jip5-5002,YPR169W
jjj1,YNL227C
jjj2,YJL162C
jjj3,YJR097W
jlp1,YLL057C
jlp2,YMR132C
jnm1,YMR294W
jsn1,YJR091C
kae1-5004,YKR038C
kae1-5006,YKR038C
kap104,YBR017C
kap114,YGL241W
kap120-supp1,YPL125W
kap120-supp2,YPL125W
kap122,YGL016W
kap123,YER110C
kap95-e126k,YLR347C
kap95-l63a,YLR347C
kar2-159,YJL034W
kar3,YPR141C
kar4,YCL055W
kar5,YMR065W
kar9,YPL269W
kcc4,YCL024W
kch1,YJR054W
kdx1,YKL161C
keg1-5002-supp1,YFR042W
kel1,YHR158C
kel2,YGR238C
kel3,YPL263C
kes1,YPL145C
kex1,YGL203C
kex2,YNL238W
kgd1,YIL125W
kgd2,YDR148C
kha1,YJL094C
kin1,YDR122W
kin2,YLR096W
kin28-ts,YDL108W
kin3,YAR018C
kin4,YOR233W
kin82,YCR091W
kip1,YBL063W
kip2,YPL155C
kip3,YGL216W
kkq8,YKL168C
knh1,YDL049C
kns1,YLL019C
kog1-1,YHR186C
kre1,YNL322C
kre2,YDR483W
kre29-ts2,YER038C
kre33-5001,YNL132W
kre5-ts2,YOR336W
kre9-5001,YJL174W
kri1-5001,YNL308C
krr1-17,YCL059C
krr1-18,YCL059C
krs1-5001,YDR037W
krs1-5004,YDR037W
ksp1,YHR082C
kss1,YGR040W
kti11,YBL071W-A
kti12,YKL110C
ktr1,YOR099W
ktr2,YKR061W
ktr3,YBR205W
ktr4,YBR199W
ktr5,YNL029C
ktr6,YPL053C
ktr7,YIL085C
kxd1,YGL079W
laa1,YJL207C
lac1,YKL008C
lag1,YHL003C
lag2,YOL025W
lam1,YHR155W
lam4,YHR080C
lam5,YFL042C
lam6,YLR072W
lap2,YNL045W
lap3,YNL239W
las1-5002,YKR063C
las17-1-supp1,YOR181W
las17-13,YOR181W
las17-14,YOR181W
las21,YJL062W
lat1,YNL071W
lcb1-10,YMR296C
lcb1-2,YMR296C
lcb1-4,YMR296C
lcb1-5,YMR296C
lcb2-1,YDR062W
lcb2-16,YDR062W
lcb2-19,YDR062W
lcb2-2,YDR062W
lcb3,YJL134W
lcb4,YOR171C
lcb5,YLR260W
lcl1,YPL056C
lcl2,YLR104W
lcl3,YGL085W
lcp5-5005,YER127W
lcp5-5007,YER127W
ldb16,YCL005W
ldb17,YDL146W
ldb18,YLL049W
ldb19,YOR322C
ldb7,YBL006C
ldh1,YBR204C
lds1,YAL018C
lds2,YOL047C
lea1,YPL213W
lee1,YPL054W
lem3,YNL323W
leo1,YOR123C
leu1,YGL009C
leu3,YLR451W
leu4,YNL104C
leu5,YHR002W
leu9,YOR108W
lge1,YPL055C
lhp1,YDL051W
lhs1,YKL073W
lhs1-supp1,YKL073W
lia1,YJR070C
lif1,YGL090W
lin1,YHR156C
lip1-5001,YMR298W
lip2,YLR239C
lip5,YOR196C
lmo1,YLL007C
lnp1,YHR192W
loc1,YFR001W
loh1,YJL038C
los1,YKL205W
lot5,YKL183W
lot6,YLR011W
lpd1,YFL018C
lpd1-supp1,YFL018C
lpl1,YOR059C
lpp1,YDR503C
lpx1,YOR084W
lre1,YCL051W
lrg1,YDL240W
lro1,YNR008W
lrp1,YHR081W
lrs4,YDR439W
lsb1,YGR136W
lsb3,YFR024C-A
lsb5,YCL034W
lsb6,YJL100W
lsc1,YOR142W
lsc2,YGR244C
lsg1-5009,YGL099W
lsm1,YJL124C
lsm12,YHR121W
lsm2-5001,YBL026W
lsm3-5002,YLR438C-A
lsm6,YDR378C
lsm7,YNL147W
lsm8-5001-supp1,YJR022W
lsm8-5003,YJR022W
lso1,YJR005C-A
lso2,YGR169C-A
lsp1,YPL004C
lst4,YKL176C
lst7,YGR057C
lst8-15,YNL006W
lst8-6,YNL006W
lte1,YAL024C
lte1-supp1,YAL024C
lto1-5001,YNL260C
ltp1,YPR073C
luc7-1,YDL087C
lys20,YDL182W
lys21,YDL131W
mac1,YMR021C
mac1-supp1,YMR021C
mad1,YGL086W
mad2,YJL030W
mad3,YJL013C
mae1,YKL029C
maf1,YDR005C
mag1,YER142C
mag2,YLR427W
mak10,YEL053C
mak11-2,YKL021C
mak11-5001,YKL021C
mak16-5001,YAL025C
mak21-1,YDR060W
mak21-3,YDR060W
mak3,YPR051W
mak31,YCR020C-A
mak32,YCR019W
mak5-5001,YBR142W
mal11,YGR289C
mal12,YGR292W
mal13,YGR288W
mal31,YBR298C
mal32,YBR299W
mal33,YBR297W
mam1,YER106W
mam3,YOL060C
mam33,YIL070C
map2,YBL091C
mas1-1,YLR163C
mas2-10,YHR024C
matalpha2,YCR039C
mba1,YBR185C
mbb1,YJL199C
mbf1,YOR298C-A
mbp1,YDL056W
mbr1,YKL093W
mca1,YOR197W
mcd1-5001,YDL003W
mcd1-73,YDL003W
mch1,YDL054C
mch2,YKL221W
mch4,YOL119C
mch5,YOR306C
mck1,YNL307C
mcm1-5001,YMR043W
mcm10-1,YIL150C
mcm10-43,YIL150C
mcm16,YPR046W
mcm2-1,YBL023C
mcm21,YDR318W
mcm22,YJR135C
mcm3-1,YEL032W
mcm4-5001,YPR019W
mcm6-5001,YGL201C
mcm6-5002,YGL201C
mcm6-5003,YGL201C
mcp1,YOR228C
mcp2,YLR253W
mcr1,YKL150W
mct1,YOR221C
mcx1,YBR227C
mde1,YJR024C
mdg1,YNL173C
mdh1,YKL085W
mdh2,YOL126C
mdh3,YDL078C
mdj2,YNL328C
mdl1,YLR188W
mdl2,YPL270W
mdm1,YML104C
mdm10,YAL010C
mdm12,YOL009C
mdm12-supp1,YOL009C
mdm20-supp1,YOL076W
mdm30,YLR368W
mdm31,YHR194W
mdm32,YOR147W
mdm34,YGL219C
mdm34-supp1,YGL219C
mdm34-supp2,YGL219C
mdm35,YKL053C-A
mdm36,YPR083W
mdm38,YOL027C
mdn1-5011,YLR106C
mdr1,YGR100W
mds3,YGL197W
mdv1,YJL112W
mdy2,YOL111C
mec1-4ts,YBR136W
mec3,YLR288C
med1,YPR070W
med11-ts,YMR112C
med2,YDL005C
med4-54,YOR174W
med4-6,YOR174W
med6-5001,YHR058C
med6-ts,YHR058C
med7-141,YOL135C
med7-163,YOL135C
med8-39,YBR193C
med8-51,YBR193C
mef1,YLR069C
mef2,YJL102W
mef2-supp1,YJL102W
meh1,YKR007W
mei4,YER044C-A
mei5,YPL121C
mek1,YOR351C
mep1,YGR121C
mep2,YNL142W
mep3,YPR138C
mer1,YNL210W
mes1-1,YGR264C
mes1-1-supp1,YGR264C
met1,YKR069W
met10,YFR030W
met12,YPL023C
met13,YGL125W
met13-supp1,YGL125W
met14,YKL001C
met16,YPR167C
met17,YLR303W
met18,YIL128W
met2,YNL277W
met22,YOL064C
met28,YIR017C
met3,YJR010W
met30-6,YIL046W
met30-9,YIL046W
met31,YPL038W
met32,YDR253C
met5,YJR137C
met6,YER091C
met7,YOR241W
met8,YBR213W
meu1,YLR017W
mex67-ts5,YPL169C
mf(alpha)1,YPL187W
mf(alpha)2,YGL089C
mfa2,YNL145W
mfb1,YDR219C
mfg1,YDL233W
mfm1,YPL060W
mft1,YML062C
mga1,YGR249W
mga2,YIR033W
mge1-100,YOR232W
mgm1,YOR211C
mgm101,YJR144W
mgr1,YCL044C
mgr2,YPL098C
mgr3,YMR115W
mgs1,YNL218W
mgt1,YDL200C
mhf1,YOL086W-A
mhf2,YDL160C-A
mho1,YJR008W
mhp1,YJL042W
mhr1,YDR296W
mht1,YLL062C
mia40-5001,YKL195W
mic10,YCL057C-A
mic12,YBR262C
mic19,YFR011C
mic26,YGR235C
mic27,YNL100W
mic60,YKR016W
mid1,YNL291C
mid2,YLR332W
mif2-3,YKL089W
mig1,YGL035C
mig2,YGL209W
mig3,YER028C
mih1,YMR036C
mil1,YFL034W
mip6,YHR015W
mir1,YJR077C
mis1,YBR084W
mit1,YEL007W
mix14,YDR031W
mix17,YMR002W
mix23,YBL107C
mkc7,YDR144C
mkk1,YOR231W
mkk2,YPL140C
mks1-supp1,YNL076W
mkt1,YNL085W
mlc2,YPR188C
mlf3,YNL074C
mlh1,YMR167W
mlh2,YLR035C
mlh3,YPL164C
mlp1,YKR095W
mlp2,YIL149C
mme1,YMR166C
mmm1,YLL006W
mmp1,YLL061W
mmr1,YLR190W
mms1,YPR164W
mms2,YGL087C
mms21-1,YEL019C
mms22,YLR320W
mms4,YBR098W
mmt1,YMR177W
mmt2,YPL224C
mnd1,YGL183C
mnd2,YIR025W
mne1,YOR350C
mnl1,YHR204W
mnl2,YLR057W
mnn1,YER001W
mnn10,YDR245W
mnn10-supp1,YDR245W
mnn11,YJL183W
mnn2,YBR015C
mnn4,YKL201C
mnn5,YJL186W
mnr2,YKL064W
mns1,YJR131W
mnt2,YGL257C
mnt3,YIL014W
mnt4,YNR059W
mob1-5001,YIL106W
mob2-11,YFL034C-B
mob2-11-supp1,YFL034C-B
mob2-14,YFL034C-B
mob2-19,YFL034C-B
mob2-20,YFL034C-B
mob2-22,YFL034C-B
mob2-24,YFL034C-B
mob2-26-supp1,YFL034C-B
mob2-26-supp2b,YFL034C-B
mob2-28,YFL034C-B
mob2-28-supp1,YFL034C-B
mob2-34,YFL034C-B
mob2-36,YFL034C-B
mob2-36-supp1,YFL034C-B
mob2-36-supp2c,YFL034C-B
mob2-38,YFL034C-B
mob2-40,YFL034C-B
mob2-8,YFL034C-B
mod5,YOR274W
mog1,YJR074W
moh1,YBL049W
mon1,YGL124C
mon2-supp1,YNL297C
mot1-1033,YPL082C
mot3,YMR070W
mpa43,YNL249C
mpc1,YGL080W
mpc2,YHR162W
mpc3,YGR243W
mpc54,YOR177C
mpd1,YOR288C
mpd2,YOL088C
mpe1-5005,YKL059C
mph1,YIR002C
mpm1,YJL066C
mpo1,YGL010W
mpp10-5001,YJR002W
mpp6,YNR024W
mps1-1,YDL028C
mps1-3796,YDL028C
mps1-417,YDL028C
mpt5,YGL178W
mrc1,YCL061C
mrd1-5001,YPR112C
mrd1-5002,YPR112C
mre11,YMR224C
mrf1-supp1,YGL143C
mrh1,YDR033W
mrh4,YGL064C
mri1,YPR118W
mrk1,YDL079C
mrl1,YPR079W
mrm1,YOR201C
mrm2,YGL136C
mrn1,YPL184C
mrp1,YDR347W
mrp10-supp1b,YDL045W-A
mrp13,YGR084C
mrp20,YDR405W
mrp21,YBL090W
mrp49,YKL167C
mrp51,YPL118W
mrp7,YNL005C
mrp8,YKL142W
mrpl1,YDR116C
mrpl10-supp1,YNL284C
mrpl11-supp1,YDL202W
mrpl13,YKR006C
mrpl17,YNL252C
mrpl17-supp1,YNL252C
mrpl19,YNL185C
mrpl20,YKR085C
mrpl22-supp1,YNL177C
mrpl24-supp1,YMR193W
mrpl25,YGR076C
mrpl27-supp1,YBR282W
mrpl28,YDR462W
mrpl31,YKL138C
mrpl32-supp1a,YCR003W
mrpl32-supp1b,YCR003W
mrpl35,YDR322W
mrpl36,YBR122C
mrpl37,YBR268W
mrpl38,YKL170W
mrpl39,YML009C
mrpl4,YLR439W
mrpl40-supp1,YPL173W
mrpl44,YMR225C
mrpl49-supp1,YJL096W
mrpl50,YNR022C
mrpl51,YPR100W
mrpl6-supp1,YHR147C
mrpl8-supp1,YJL063C
mrpl9-supp1,YGR220C
mrps12-supp1,YNR036C
mrps16,YPL013C
mrps16-supp1,YPL013C
mrps17,YMR188C
mrps28,YDR337W
mrps5-supp1,YBR251W
mrps8-supp1,YMR158W
mrps9,YBR146W
mrs1,YIR021W
mrs2,YOR334W
mrs3,YJL133W
mrs4,YKR052C
mrs6-2,YOR370C
mrt4,YKL009W
mrx1,YER077C
mrx10,YDR282C
mrx11,YPL041C
mrx12,YJR003C
mrx14-supp1,YDR115W
mrx3,YBL095W
mrx4,YPL168W
mrx5,YJL147C
mrx6,YNL295W
mrx7,YNL211C
mrx8,YDR336W
mrx9,YDL027C
msa1,YOR066W
msa2,YKR077W
msb1,YOR188W
msb2,YGR014W
msb3,YNL293W
msb4,YOL112W
msc1,YML128C
msc2,YDR205W
msc3,YLR219W
msc6,YOR354C
msc7,YHR039C
msd1,YPL104W
msf1,YPR047W
msg5,YNL053W
msh1,YHR120W
msh2,YOL090W
msh3,YCR092C
msh4,YFL003C
msh5,YDL154W
msh6,YDR097C
msi1,YBR195C
msl5-5001,YLR116W
msl5-9,YLR116W
msm1,YGR171C
msn1,YOL116W
msn2,YMR037C
msn4,YKL062W
msn5,YDR335W
mso1,YNR049C
msp1,YGR028W
mss1,YMR023C
mss11,YMR164C
mss116,YDR194C
mss18,YPR134W
mss2,YDL107W
mss4-103,YDR208W
mss51,YLR203C
mst27,YGL051W
mst28,YAR033W
msw1,YDR268W
msy1,YPL097W
mtc1,YJL123C
mtc2,YKL098W
mtc3,YGL226W
mtc4,YBR255W
mtc5,YDR128W
mtc6,YHR151C
mtd1,YKR080W
mtf2,YDL044C
mtg1-supp1,YMR097C
mtg2-supp1,YHR168W
mth1,YDR277C
mtl1,YGR023W
mtm1,YGR257C
mto1,YGL236C
mtq1,YNL063W
mtr10-5016-supp1,YOR160W
mtr2-5002,YKL186C
mtr3-ts,YGR158C
mtr4-1,YJL050W
mtw1-ts,YAL034W-A
mub1,YMR100W
mud1,YBR119W
mud2,YKL074C
muk1,YPL070W
mum2,YBR057C
mum3,YOR298W
mup1,YGR055W
mup3,YHL036W
mus81,YDR386W
mvb12,YGR206W
mvd1-1296,YNR043W
mvp1,YMR004W
mxr1,YER042W
mxr2,YCL033C
myo2-14,YOR326W
myo2-16,YOR326W
myo3,YKL129C
myo4,YAL029C
myo5,YMR109W
mzm1,YDR493W
nab2-5005,YGL122C
nab2-5007,YGL122C
nab3-11,YPL190C
nab6,YML117W
naf1-5001,YNL124W
nam7,YMR080C
nam8,YHR086W
nap1,YKR048C
nar1-5001,YNL240C
nas2,YIL007C
nas6,YGR232W
nat1,YDL040C
nat3,YPR131C
nat4,YMR069W
nat5,YOR253W
nba1,YOL070C
nbl1,YHR199C-A
nbp1-1,YLR457C
nbp2,YDR162C
nbp35-5001,YGL091C
nca2,YPR155C
nca3,YJL116C
ncb2-5009,YDR397C
nce101,YJL205C
nce102,YPR149W
nce103,YNL036W
ncl1,YBL024W
ncr1,YPL006W
ncs2,YNL119W
ncs6,YGL211W
nde1,YMR145C
nde2,YDL085W
ndi1,YML120C
ndj1,YOL104C
ndl1,YLR254C
ndt80,YHR124W
nej1,YLR265C
nel1,YHR035W
nem1,YHR004C
neo1-2,YIL048W
new1,YPL226W
nfi1,YOR156C
nfs1-5003,YCL017C
nft1,YKR103W
nfu1,YKL040C
ngg1,YDR176W
ngl1,YOL042W
ngl2,YMR285C
ngl3,YML118W
ngr1,YBR212W
nha1,YLR138W
nhp10,YDL002C
nhp2-5001,YDL208W
nhp6a,YPR052C
nhp6b,YBR089C-A
nhx1,YDR456W
nif3,YGL221C
nip1-5001,YMR309C
nip1-5004,YMR309C
nip1-5007,YMR309C
nip1-5010,YMR309C
nip100,YPL174C
nip7-1,YPL211W
nis1,YNL078W
nit1,YIL164C
nit2,YJL126W
nit3,YLR351C
nkp1,YDR383C
nkp2,YLR315W
nma1,YLR328W
nma111,YNL123W
nma2,YGR010W
nmd2,YHR077C
nmd3-4,YHR170W
nmd4,YLR363C
nmt1-181,YLR195C
nnf1-17,YJR112W
nnf1-48,YJR112W
nnf1-77,YJR112W
nnf2,YGR089W
nnk1,YKL171W
nnt1,YLR285W
nob1-5001,YOR056C
noc3-5001,YLR002C
noc4-5005,YPR144C
nog1-5004,YPL093W
nog1-5005,YPL093W
nog2-1,YNR053C
nop1-2,YDL014W
nop1-3,YDL014W
nop10,YHR072W-A
nop12,YOL041C
nop13,YNL175C
nop14-5001,YDL148C
nop16,YER002W
nop19-5001-supp1,YGR251W
nop2-10,YNL061W
nop2-3,YNL061W
nop2-4-supp1,YNL061W
nop2-5,YNL061W
nop2-6,YNL061W
nop2-9,YNL061W
nop4-3,YPL043W
nop53-5005,YPL146C
nop56-5001,YLR197W
nop58-5001,YOR310C
nop6,YDL213C
nop7-1,YGR103W
nop8-101,YOL144W
nop8-5001,YOL144W
nop9-5001,YJL010C
nop9-5004,YJL010C
not3,YIL038C
npa3-5001,YJR072C
npl3,YDR432W
npl4,YBR170C
npp1,YCR026C
npp2,YEL016C
npr1,YNL183C
npr2,YEL062W
npr3,YHL023C
npt1,YOR209C
npy1,YGL067W
nqm1,YGR043C
nrg1,YDR043C
nrg2,YBR066C
nrk1,YNL129W
nrm1,YNR009W
nrp1,YDL167C
nrt1,YOR071C
nsa1-5001,YGL111W
nsa1-5002,YGL111W
nse1-16,YLR007W
nse1-5001,YLR007W
nse3-ts3,YDR288W
nse3-ts4,YDR288W
nse4-5001,YDL105W
nse4-ts1,YDL105W
nse4-ts2,YDL105W
nse4-ts3,YDL105W
nse4-ts4,YDL105W
nse5-ts1,YML023C
nse5-ts2,YML023C
nse5-ts3,YML023C
nse5-ts4,YML023C
nsg1,YHR133C
nsg2,YNL156C
nsi1,YDR026C
nsl1-5,YPL233W
nsl1-6,YPL233W
nsp1-5002,YJL041W
nst1,YNL091W
nta1,YJR062C
ntc20,YBR188C
nte1,YML059C
ntf2-5001,YER009W
ntf2-h104y,YER009W
ntg1,YAL015C
ntg2,YOL043C
nth1,YDR001C
nth2,YBR001C
nto1,YPR031W
ntr2-5001,YKR022C
nuc1,YJL208C
nuf2-5001,YOL069W
nuf2-61,YOL069W
nug1-2,YER006W
num1,YDR150W
nup100,YKL068W
nup116-5024,YMR047C
nup116-5025,YMR047C
nup120,YKL057C
nup133,YKR082W
nup145-r4,YGL092W
nup157,YER105C
nup159-1,YIL115C
nup170,YBL079W
nup170-supp1,YBL079W
nup188,YML103C
nup192-15,YJL039C
nup2,YLR335W
nup42,YDR192C
nup53,YMR153W
nup57-5001,YGR119C
nup57-e17,YGR119C
nup60,YAR002W
nup82-5004,YJL061W
nup82-5005,YJL061W
nup84,YDL116W
nup85-5001,YJR042W
nur1,YDL089W
nus1-5001,YDL193W
nut1,YGL151W
nut2-ts,YPR168W
nvj1,YHR195W
nvj2,YPR091C
nvj3,YDR179W-A
nyv1,YLR093C
oac1,YKL120W
oaf1,YAL051W
oaf3,YKR064W
oar1,YKL055C
oaz1,YPL052W
oca1,YNL099C
oca2,YNL056W
oca4,YCR095C
oca5,YHL029C
oca6,YDR067C
odc1,YPL134C
odc2,YOR222W
ogg1,YML060W
okp1-5,YGR179C
ola1,YBR025C
ole1-m2,YGL055W
om14,YBR230C
om45,YIL136W
oma1,YKR087C
oms1,YDR316W
opi1,YHL020C
opi10,YOL032W
opi11,YPR044C
opi3,YJR073C
opi6,YDL096C
opi7,YDR360W
opi8,YKR035C
opt1,YJL212C
opt2,YPR194C
opy1,YBR129C
opy2,YPR075C
orc1-5001,YML065W
orc2-1,YBR060C
orc2-2,YBR060C
orc2-3,YBR060C
orc2-4,YBR060C
orc3-70,YLL004W
orc4-5001,YPR162C
orc5-70,YNL261W
orc6-5001,YHR118C
orm1,YGR038W
orm2,YLR350W
orm2-supp1,YLR350W
osh2,YDL019C
osh3,YHR073W
osh6,YKR003W
osh7,YHR001W
osm1,YJR051W
ost1-6,YJL002C
ost2-5001,YOR103C
ost3,YOR085W
ost4-supp1,YDL232W
ost4-supp2,YDL232W
ost5,YGL226C-A
ost6,YML019W
osw1,YOR255W
osw2,YLR054C
osw5,YMR148W
osw7,YFR039C
otu1,YFL044C
otu2,YHL013C
oxa1,YER154W
oxp1,YKL215C
oxr1,YPL196W
oye2,YHR179W
oye3,YPL171C
paa1,YDR071C
pab1-5001,YER165W
pab1-5002,YER165W
pab1-5003-supp1,YER165W
pab1-5004,YER165W
pac1,YOR269W
pac10,YGR078C
pac10-supp1,YGR078C
pac11,YDR488C
pac2,YER007W
pad1,YDR538W
paf1,YBR279W
pah1-supp1,YMR165C
pai3,YMR174C
pal1,YDR348C
pam1,YDR251W
pam16-3,YJL104W
pam17,YKR065C
pam18-1,YLR008C
pan1-4,YIR006C
pan2,YGL094C
pan3,YKL025C
pan5,YHR063C
pan6,YIL145C
pap1-5003,YKR002W
pap2,YOL115W
par32,YDL173W
pat1,YCR077C
pau1,YJL223C
pau10,YDR542W
pau11,YGL261C
pau12,YGR294W
pau13,YHL046C
pau14,YIL176C
pau15,YIR041W
pau16,YKL224C
pau17,YLL025W
pau19,YMR325W
pau2,YEL049W
pau20,YOL161C
pau22,YPL282C
pau23,YLR037C
pau24,YBR301W
pau3,YCR104W
pau4,YLR461W
pau5,YFL020C
pau7,YAR020C
pau8,YAL068C
pau9,YBL108C-A
pba1,YLR199C
pbi1,YPL272C
pbi2,YNL015W
pbn1-5001,YCL052C
pbp1,YGR178C
pbp2,YBR233W
pbp4,YDL053C
pbs2,YJL128C
pby1,YBR094W
pca1,YBR295W
pcd1,YLR151C
pcf11-2,YDR228C
pcf11-ts10,YDR228C
pcf11-ts2,YDR228C
pch2,YBR186W
pci8,YIL071C
pck1,YKR097W
pcl1,YNL289W
pcl10,YGL134W
pcl2,YDL127W
pcl5,YHR071W
pcl6,YER059W
pcl7,YIL050W
pcl8,YPL219W
pcl9,YDL179W
pcp1,YGR101W
pcs60,YBR222C
pct1,YGR202C
pda1,YER178W
pdb1,YBR221C
pdc1,YLR044C
pdc2-5001,YDR081C
pdc5,YLR134W
pdc6,YGR087C
pde1,YGL248W
pde2,YOR360C
pdh1,YPR002W
pdi1-5001-supp1,YCL043C
pdp3,YLR455W
pdr1,YGL013C
pdr10,YOR328W
pdr11,YIL013C
pdr12,YPL058C
pdr15,YDR406W
pdr16,YNL231C
pdr17,YNL264C
pdr18,YNR070W
pdr3,YBL005W
pdr5,YOR153W
pdr8,YLR266C
pds1-128,YDR113C
pds5-1,YMR076C
pdx1,YGR193C
pdx3,YBR035C
pea2,YER149C
pef1,YGR058W
pep1,YBL017C
pep12,YOR036W
pep3,YLR148W
pep4,YPL154C
pep5,YMR231W
pep7,YDR323C
pep8,YJL053W
per1-supp1,YCR044C
per33,YLR064W
pes4,YFR023W
pet10,YKR046C
pet100,YDR079W
pet111,YMR257C
pet112,YBL080C
pet117,YER058W
pet122,YER153C
pet127,YOR017W
pet130-supp1,YJL023C
pet18,YCR020C
pet191,YJR034W
pet20,YPL159C
pet309,YLR067C
pet494,YNR045W
pet54,YGR222W
pet8,YNL003C
pex1,YKL197C
pex10,YDR265W
pex11,YOL147C
pex12,YMR026C
pex13,YLR191W
pex14,YGL153W
pex15,YOL044W
pex17,YNL214W
pex18,YHR160C
pex19,YDL065C
pex2,YJL210W
pex21,YGR239C
pex22,YAL055W
pex25,YPL112C
pex27,YOR193W
pex28,YHR150W
pex29,YDR479C
pex3,YDR329C
pex30,YLR324W
pex31,YGR004W
pex32,YBR168W
pex32-supp1,YBR168W
pex34,YCL056C
pex4,YGR133W
pex5,YDR244W
pex6,YNL329C
pex7,YDR142C
pex8,YGR077C
pfa4,YOL003C
pfa5,YDR459C
pfd1,YJL179W
pff1,YBR074W
pfk1,YGR240C
pfk2-supp1,YMR205C
pfk26,YIL107C
pfk27,YOL136C
pfs1,YHR185C
pfy1-13,YOR122C
pfy1-14,YOR122C
pfy1-4,YOR122C
pga1-5001,YNL158W
pga2-5004,YNL149C
pga3-5001,YML125C
pgc1,YPL206C
pgi1-2,YBR196C
pgm1,YKL127W
pgm2,YMR105C
pgu1,YJR153W
pha2,YNL316C
phb1,YGR132C
phb1-supp1,YGR132C
phb2,YGR231C
phd1,YKL043W
phm6,YDR281C
phm7,YOL084W
phm8,YER037W
pho11,YAR071W
pho12,YHR215W
pho13,YDL236W
pho2,YDL106C
pho23,YNL097C
pho3,YBR092C
pho4,YFR034C
pho5,YBR093C
pho8,YDR481C
pho80,YOL001W
pho81,YGR233C
pho84,YML123C
pho85,YPL031C
pho86,YJL117W
pho87,YCR037C
pho89,YBR296C
pho90,YJL198W
pho91,YNR013C
pho92,YDR374C
phr1,YOR386W
phs1-1,YJL097W
phs1-5001,YJL097W
pib1,YDR313C
pib2,YGL023C
pic2,YER053C
pif1,YML061C
pig1,YLR273C
pig2,YIL045W
pih1,YHR034C
pik1-104,YNL267W
pik1-139,YNL267W
pil1,YGR086C
pim1,YBL022C
pin2,YOR104W
pin3,YPR154W
pin4,YBL051C
pip2,YOR363C
pir1,YKL164C
pir3,YKL163W
pir5,YJL160C
pkc1-1,YBL105C
pkc1-2,YBL105C
pkc1-3,YBL105C
pkc1-4,YBL105C
pkc1-ts,YBL105C
pkh1,YDR490C
pkh3,YDR466W
pkp1,YIL042C
pkp2,YGL059W
pkr1,YMR123W
plb1,YMR008C
plb2,YMR006C
plb3,YOL011W
plm2,YDR501W
plp1,YDR183W
plp2-5001,YOR281C
pma1-5001,YGL008C
pma2,YPL036W
pmc1,YGL006W
pmd1,YER132C
pmi40-5001,YER003C
pml1,YLR016C
pml39,YML107C
pmp1,YCR024C-A
pmp2,YEL017C-A
pmp3,YDR276C
pmr1,YGL167C
pms1,YNL082W
pms1-supp1,YNL082W
pmt1,YDL095W
pmt2,YAL023C
pmt3,YOR321W
pmt4,YJR143C
pmt5,YDL093W
pmt6,YGR199W
pmt7,YDR307W
pmu1,YKL128C
pnc1,YGL037C
png1,YPL096W
pno1-5003,YOR145C
pnp1,YLR209C
pns1,YOR161C
pnt1,YOR266W
poa1,YBR022W
pob3-7,YML069W
pob3-l78r,YML069W
poc4,YPL144W
pof1,YCL047C
pog1,YIL122W
pol1-1,YNL102W
pol1-12,YNL102W
pol1-13,YNL102W
pol1-17,YNL102W
pol1-2,YNL102W
pol1-ts,YNL102W
pol12-ts,YBL035C
pol2-12,YNL262W
pol30-k107r,YBR088C
pol30-k108r,YBR088C
pol30-k117r,YBR088C
pol30-k127r,YBR088C
pol30-k146r,YBR088C
pol30-k164r,YBR088C
pol30-k168r,YBR088C
pol30-k183r,YBR088C
pol30-k196r,YBR088C
pol30-k210r,YBR088C
pol30-k217r,YBR088C
pol30-k242r,YBR088C
pol30-k253r,YBR088C
pol31-5001,YJR006W
pol31-5001-supp1,YJR006W
pol32,YJR043C
pol4,YCR014C
pol5-1,YEL055C
pol5-3,YEL055C
pom152,YMR129W
pom33,YLL023C
pom34,YLR018C
pop1-5001,YNL221C
pop1-5002,YNL221C
pop1-5003,YNL221C
pop3-5001,YNL282W
pop4-5001,YBR257W
pop5-5005,YAL033W
pop5-5006,YAL033W
pop6-5001,YGR030C
pop7-5001,YBR167C
por1,YNL055C
por2,YIL114C
pot1,YIL160C
pox1,YGL205W
ppa2,YMR267W
ppe1,YHR075C
ppg1,YNR032W
pph21,YDL134C
pph22,YDL188C
pph3,YDR075W
ppm1,YDR435C
ppm2,YOL141W
ppn1,YDR452W
ppq1,YPL179W
ppr1,YLR014C
pps1,YBR276C
ppt1,YGR123C
ppt2,YPL148C
ppx1,YHR201C
ppz1,YML016C
ppz2,YDR436W
prb1,YEL060C
prc1,YMR297W
prd1,YCL057W
pre1-1,YER012W
pre10-5001,YOR362C
pre2-1,YPR103W
pre2-1-supp1,YPR103W
pre2-127,YPR103W
pre2-2,YPR103W
pre2-75,YPR103W
pre2-v214a,YPR103W
pre3-2,YJL001W
pre4-5001,YFR050C
pre6-5001,YOL038W
pre7-5001,YBL041W
pre8-5001,YML092C
pre9,YGR135W
pri1-m4,YIR008C
pri2-1,YKL045W
prk1,YIL095W
prm1,YNL279W
prm10,YJL108C
prm15,YMR278W
prm2,YIL037C
prm3,YPL192C
prm4,YPL156C
prm5,YIL117C
prm6,YML047C
prm7,YDL039C
prm8,YGL053W
prm9,YAR031W
prp11-ts,YDL043C
prp16-2,YKR086W
prp16-ts,YKR086W
prp18-1202,YGR006W
prp18-ts,YGR006W
prp19-1,YLL036C
prp2-1,YNR011C
prp21-ts,YJL203W
prp22-1,YER013W
prp24-ts,YMR268C
prp28-101,YDR243C
prp3-1,YDR473C
prp31-1,YGR091W
prp31-ts,YGR091W
prp38-1,YGR075C
prp39-1,YML046W
prp4-1,YPR178W
prp4-ts,YPR178W
prp40-5003,YKL012W
prp42-5001,YDR235W
prp43-ts2,YGL120C
prp45-5002,YAL032C
prp46-5001,YPL151C
prp5-1,YBR237W
prp6-1,YBR055C
prp6-ts,YBR055C
prp8,YHR165C
prp9-1,YDL030W
prp9-ts,YDL030W
prr1,YKL116C
prr2,YDL214C
prs2,YER099C
prs4,YBL068W
prs5,YOL061W
prt1-1,YOR361C
prx1,YBL064C
pry1,YJL079C
pry2,YKR013W
pry3,YJL078C
psd1,YNL169C
psd2,YGR170W
pse1-41,YMR308C
psf1-1,YDR013W
psf2-5001,YJL072C
psf3-5001,YOL146W
psh1,YOL054W
psk1,YAL017W
psk2,YOL045W
pso2,YMR137C
psp1,YDR505C
psp2,YML017W
psr1,YLL010C
psr2,YLR019W
pst1,YDR055W
pst2,YDR032C
psy1,YKL076C
psy2,YNL201C
psy3,YLR376C
psy4,YBL046W
pta1-5001,YAL043C
ptc1,YDL006W
ptc2,YER089C
ptc3,YBL056W
ptc4,YBR125C
ptc5,YOR090C
ptc6,YCR079W
ptc7,YHR076W
pth1,YHR189W
pth2,YBL057C
pth4,YOL114C
pti1-ts1,YGR156W
pti1-ts1-supp1,YGR156W
pti1-ts7,YGR156W
pti1-ts7-supp1,YGR156W
ptk1,YKL198C
ptk2,YJR059W
ptm1,YKL039W
ptp1,YDL230W
ptp2,YOR208W
ptp3,YER075C
ptr2,YKR093W
pub1,YNL016W
puf2,YPR042C
puf3,YLL013C
puf4,YGL014W
puf6,YDR496C
pug1,YER185W
pun1,YLR414C
pup1-1,YOR157C
pup2-5001,YGR253C
pup3-5001,YER094C
pus1,YPL212C
pus2,YGL063W
pus4,YNL292W
pus5,YLR165C
pus6,YGR169C
pus7,YOR243C
pus9,YDL036C
put1,YLR142W
put2,YHR037W
put3,YKL015W
put4,YOR348C
pwp1-5001,YLR196W
pwp2-5002,YCR057C
pxa1,YPL147W
pxa2,YKL188C
pxl1,YKR090W
pyc1,YGL062W
pyc2,YBR218C
pyk2,YOR347C
pzf1-5001-supp1,YPR186C
qcr10,YHR001W-A
qcr2,YPR191W
qcr6,YFR033C
qcr7,YDR529C
qcr8,YJL166W
qcr9,YGR183C
qdr1,YIL120W
qdr2,YIL121W
qdr3,YBR043C
qns1-5002,YHR074W
qri1-5001,YDL103C
qri1-ts1,YDL103C
qri1-ts6,YDL103C
qri5,YLR204W
qri7,YDL104C
rad1,YPL022W
rad10,YML095C
rad14,YMR201C
rad16,YBR114W
rad17,YOR368W
rad18,YCR066W
rad2,YGR258C
rad23,YEL037C
rad24,YER173W
rad26,YJR035W
rad27,YKL113C
rad28,YDR030C
rad3-ts14,YER171W
rad30,YDR419W
rad33,YML011C
rad34,YDR314C
rad4,YER162C
rad5,YLR032W
rad50,YNL250W
rad51,YER095W
rad52,YML032C
rad53-5001,YPL153C
rad53-5002-supp1,YPL153C
rad54,YGL163C
rad55,YDR076W
rad57,YDR004W
rad59,YDL059C
rad6,YGL058W
rad61,YDR014W
rad7,YJR052W
rad9,YDR217C
ram1-supp1,YDL090C
ram2-5001,YKL019W
rap1-1,YNL216W
ras1,YOR101W
ras2,YNL098C
rat1-1,YOR048C
rat1-1-supp1,YOR048C
rav1,YJR033C
rav2,YDR202C
rax1,YOR301W
rax2,YLR084C
rba50-5001,YDR527W
rbd2,YPL246C
rbg1,YAL036C
rbg2,YGR173W
rbk1,YCR036W
rbl2,YOR265W
rbs1,YDL189W
rce1,YMR274C
rcf1,YML030W
rcf2,YNR018W
rch1,YMR034C
rck1,YGL158W
rck2,YLR248W
rcl1-5004,YOL010W
rcm1,YNL022C
rcn1,YKL159C
rcn2,YOR220W
rco1,YMR075W
rcr1,YBR005W
rcr2,YDR003W
rcy1,YJL204C
rdh54,YBR073W
rdi1,YDL135C
rdl1,YOR285W
rdl2,YOR286W
rdr1,YOR380W
rds1,YCR106W
rds2,YPL133C
rds3-1,YPR094W
reb1-5001,YBR049C
rec102,YLR329W
rec104,YHR157W
rec107,YJR021C
rec114,YMR133W
rec8,YPR007C
red1,YLR263W
ree1,YJL217W
ref2,YDR195W
reg2,YBR050C
reh1,YLR387C
rei1,YBR267W
rei1-supp1,YBR267W
rer1,YCL001W
rer2-5001,YBR002C
rer2-5008,YBR002C
ret2-1,YFR051C
ret3-1,YPL010W
rev1,YOR346W
rev3,YPL167C
rev7,YIL139C
rex2,YLR059C
rex3,YLR107W
rex4,YOL080C
rfa1-m2,YAR007C
rfa2-5001,YNL312W
rfa3-313,YJL173C
rfc1-5002,YOR217W
rfc2-1,YJR068W
rfc2-1-supp1,YJR068W
rfc4-20,YOL094C
rfc5-1,YBR087W
rfm1,YOR279C
rfs1,YBR052C
rft1-5028,YBL020W
rfu1,YLR073C
rfx1,YLR176C
rga1,YOR127W
rga2,YDR379W
rgc1,YPR115W
rgd1,YBR260C
rgd2,YFL047W
rgi1,YER067W
rgi2,YIL057C
rgl1,YPL066W
rgm1,YMR182C
rgp1,YDR137W
rgr1-100,YLR071C
rgs2,YOR107W
rgt1,YKL038W
rgt2,YDL138W
rhb1,YCR027C
rho1-5002,YPR165W
rho2,YNL090W
rho3-1,YIL118W
rho3-ser228,YIL118W
rho4,YKR055W
rho5-supp1,YNL180C
ria1-ts,YNL163C
rib2-5001,YOL066C
rib5-5002,YBR256C
rib7-5001,YBR153W
ric1,YLR039C
rif1,YBR275C
rif2,YLR453C
rim1,YCR028C-A
rim101,YHL027W
rim11,YMR139W
rim13,YMR154C
rim15,YFL033C
rim20,YOR275C
rim21,YNL294C
rim4,YHL024W
rim8,YGL045W
rim9,YMR063W
rio1-5001,YOR119C
rio2-1,YNL207W
rip1,YEL024W
rit1,YMR283C
rix1-5001,YHR197W
rki1-5006,YOR095C
rki1-5008,YOR095C
rkm1,YPL208W
rkm2,YDR198C
rkm3,YBR030W
rkm4,YDR257C
rkm5,YLR137W
rkr1,YMR247C
rlf2,YPR018W
rli1-5001,YDR091C
rlm1,YPL089C
rlp24-5005,YLR009W
rlp7-5001,YNL002C
rma1,YKL132C
rmd1,YDL001W
rmd5,YDR255C
rmd6,YEL072W
rmd8,YFR048W
rmd9-supp1,YGL107C
rme1,YGR044C
rmi1,YPL024W
rmi1-supp1,YPL024W
rml2,YEL050C
rmp1-ts,YLR145W
rmr1,YGL250W
rmr1-supp1,YGL250W
rmt2,YDR465C
rna1-1,YMR235C
rna1-s116f,YMR235C
rna14-5001,YMR061W
rna15-58,YGL044C
rnh1,YMR234W
rnh201,YNL072W
rnh202,YDR279W
rnh203,YLR154C
rnh70,YGR276C
rnp1,YLL046C
rnq1,YCL028W
rnr3,YIL066C
rnr4,YGR180C
rnt1-47,YMR239C
rnt1-ts,YMR239C
rny1,YPL123C
rod1,YOR018W
rog1,YGL144C
rog3,YFR022W
rok1-5003,YGL171W
rom1,YGR070W
rom2,YLR371W
rom2-supp1,YLR371W
rom2-supp2,YLR371W
rot1-5001,YMR200W
rot2,YBR229C
rox1,YPR065W
roy1,YMR258C
rpa14,YDR156W
rpa190-1,YOR341W
rpa190-g728d,YOR341W
rpa34,YJL148W
rpa43-5003,YOR340C
rpa49-supp1,YNL248C
rpb10-5002,YOR210W
rpb10-5004,YOR210W
rpb11-5002,YOL005C
rpb2-6,YOR151C
rpb3-2,YIL021W
rpb3-5001,YIL021W
rpb4,YJL140W
rpb5-5001,YBR154C
rpb7-5001,YDR404C
rpb8-5001,YOR224C
rpb9,YGL070C
rpc11-5001,YDR045C
rpc17-5001,YJL011C
rpc19-5012,YNL113W
rpc19-5013,YNL113W
rpc25-5001,YKL144C
rpc31-5001,YNL151C
rpc34-1,YNR003C
rpc37-5001,YKR025W
rpc53-5001,YDL150W
rpc82-5001,YPR190C
rpd3,YNL330C
rpe1,YJL121C
rpf1-1,YHR088W
rpf1-5001,YHR088W
rpf2-5001,YKR081C
rpg1-1,YBR079C
rpg1-5001,YBR079C
rph1,YER169W
rpi1,YIL119C
rpl10-5001,YLR075W
rpl11a,YPR102C
rpl11b,YGR085C
rpl12a,YEL054C
rpl12b,YDR418W
rpl13a,YDL082W
rpl14a,YKL006W
rpl14b,YHL001W
rpl15a-5002,YLR029C
rpl15a-5004,YLR029C
rpl15b,YMR121C
rpl16a,YIL133C
rpl16b,YNL069C
rpl17a-5001,YKL180W
rpl17b,YJL177W
rpl18b,YNL301C
rpl19a,YBR084C-A
rpl19b,YBL027W
rpl1a,YPL220W
rpl1b,YGL135W
rpl20a,YMR242C
rpl20b,YOR312C
rpl21a,YBR191W
rpl21b,YPL079W
rpl22a,YLR061W
rpl22b,YFL034C-A
rpl23a,YBL087C
rpl23b,YER117W
rpl24a,YGL031C
rpl24b,YGR148C
rpl26a,YLR344W
rpl26b,YGR034W
rpl27b,YDR471W
rpl28-5004,YGL103W
rpl29,YFR032C-A
rpl2a,YFR031C-A
rpl2b,YIL018W
rpl3-5002,YOR063W
rpl3-5004,YOR063W
rpl31b,YLR406C
rpl33a-5004,YPL143W
rpl33b,YOR234C
rpl34a,YER056C-A
rpl34b,YIL052C
rpl35a,YDL191W
rpl35b,YDL136W
rpl36a,YMR194W
rpl37a,YLR185W
rpl37b,YDR500C
rpl38,YLR325C
rpl39,YJL189W
rpl40a,YIL148W
rpl40b,YKR094C
rpl41a,YDL184C
rpl41b,YDL133C-A
rpl42b,YHR141C
rpl43a,YPR043W
rpl43b,YJR094W-A
rpl4a,YBR031W
rpl4b,YDR012W
rpl5-5001-supp1,YPL131W
rpl6a,YML073C
rpl6b,YLR448W
rpl7b,YPL198W
rpl8a,YHL033C
rpl8b,YLL045C
rpl9a,YGL147C
rpl9b,YNL067W
rpn1-821,YHR027C
rpn10,YHR200W
rpn11-14,YFR004W
rpn11-8,YFR004W
rpn12-1,YFR052W
rpn13,YLR421C
rpn14,YGL004C
rpn4,YDL020C
rpn5-1,YDL147W
rpn5-5001,YDL147W
rpn6-1,YDL097C
rpn6-5001,YDL097C
rpn7-3,YPR108W
rpn8-5007,YOR261C
rpn8-5008,YOR261C
rpo21-1,YDL140C
rpo31-698,YOR116C
rpo41-supp1,YFL036W
rpp0-5001,YLR340W
rpp1-5003,YHR062C
rpp1-5005,YHR062C
rpp1a-supp1,YDL081C
rpp1b,YDL130W
rpp2a,YOL039W
rpp2b,YDR382W
rps0a,YGR214W
rps0b,YLR048W
rps10a,YOR293W
rps10b,YMR230W
rps11a,YDR025W
rps11b,YBR048W
rps13-5001,YDR064W
rps14a,YCR031C
rps14b,YJL191W
rps15-5001,YOL040C
rps15-5002,YOL040C
rps16a,YMR143W
rps16b,YDL083C
rps17a,YML024W
rps17b,YDR447C
rps18a,YDR450W
rps18b,YML026C
rps19a,YOL121C
rps19b,YNL302C
rps1a,YLR441C
rps1b,YML063W
rps2-5001-supp1,YGL123W
rps2-5004,YGL123W
rps20-5002,YHL015W
rps21a,YKR057W
rps21b,YJL136C
rps22a,YJL190C
rps22b,YLR367W
rps23a,YGR118W
rps23b-supp1,YPR132W
rps24a,YER074W
rps24b,YIL069C
rps25a,YGR027C
rps25b,YLR333C
rps26a,YGL189C
rps26b,YER131W
rps27a,YKL156W
rps27b,YHR021C
rps28a,YOR167C
rps28b,YLR264W
rps29a,YLR388W
rps29b,YDL061C
rps3-5002,YNL178W
rps30a,YLR287C-A
rps30b,YOR182C
rps4a,YJR145C
rps4b,YHR203C
rps6a,YPL090C
rps6b,YBR181C
rps7a,YOR096W
rps7b,YNL096C
rps8a,YBL072C
rps8b,YER102W
rps9a,YPL081W
rps9b,YBR189W
rpt1-1,YKL145W
rpt2-rf,YDL007W
rpt3-1,YDR394W
rpt4-145,YOR259C
rpt4-150,YOR259C
rpt5-5002,YOR117W
rpt6-1,YGL048C
rpt6-1-supp1,YGL048C
rpt6-20,YGL048C
rpt6-25,YGL048C
rqc1,YDR333C
rqc2,YPL009C
rrb1-5001-supp1,YMR131C
rrd1,YIL153W
rrd2,YPL152W
rrf1,YHR038W
rrg1,YDR065W
rrg7,YOR305W
rrg9-supp1,YNL213C
rri1,YDL216C
rri2,YOL117W
rrm3,YHR031C
rrn11-5001,YML043C
rrn3-s213p,YKL125W
rrn5-5001,YLR141W
rrn5-5002,YLR141W
rrn7-5001,YJL025W
rrn9-5007,YMR270C
rrn9-5008,YMR270C
rrn9-5009,YMR270C
rrp1-1,YDR087C
rrp12-5001,YPL012W
rrp14-5003,YKL082C
rrp14-5010,YKL082C
rrp15-5007,YPR143W
rrp17-5006,YDR412W
rrp3-5001,YHR065C
rrp4-1,YHR069C
rrp42-5001,YDL111C
rrp43-5001,YCR035C
rrp45-5001,YDR280W
rrp5-delta6,YMR229C
rrp6,YOR001W
rrp6-supp1,YOR001W
rrp7-5007,YCL031C
rrp8,YDR083W
rrp9-5001,YPR137W
rrs1-124,YOR294W
rrs1-84,YOR294W
rrt1,YBL048W
rrt12,YCR045C
rrt13,YER066W
rrt14,YIL127C
rrt15,YLR162W-A
rrt16,YNL105W
rrt2,YBR246W
rrt5,YFR032C
rrt6,YGL146C
rrt8,YOL048C
rsa3,YLR221C
rsa4-5001,YCR072C
rsb1,YOR049C
rsc1,YGR056W
rsc3-1,YDR303C
rsc4-2,YKR008W
rsc58-5001,YLR033W
rsc6-5001,YCR052W
rsc8-ts16,YFR037C
rsc8-ts21,YFR037C
rsc9-5001,YML127W
rse1-1,YML049C
rsf1,YMR030W
rsf2,YJR127C
rsm19-supp1,YNR037C
rsm22,YKL155C
rsm24-supp1a,YDR175C
rsm25,YIL093C
rsm26,YJR101W
rsm27-supp1,YGR215W
rsm28,YDR494W
rsm7,YJR113C
rsn1,YMR266W
rsp5-1,YER125W
rsp5-3,YER125W
rsp5-sm1,YER125W
rsr1,YGR152C
rta1,YGR213C
rtc1-supp1,YOL138C
rtc2,YBR147W
rtc3,YHR087W
rtc4,YNL254C
rtc5,YOR118W
rtc6,YPL183W-A
rtf1,YGL244W
rtg1,YOL067C
rtg2,YGL252C
rtg3,YBL103C
rtk1,YDL025C
rtn1,YDR233C
rtn2,YDL204W
rtr1,YER139C
rtr2,YDR066C
rts1,YOR014W
rts3,YGR161C
rtt10,YPL183C
rtt101,YJL047C
rtt102,YGR275W
rtt103,YDR289C
rtt106,YNL206C
rtt107,YHR154W
rtt109,YLL002W
rub1,YDR139C
rud3,YOR216C
rup1,YOR138C
rvb1-5001,YDR190C
rvb2-5001,YPL235W
rvs161,YCR009C
rvs161-supp1,YCR009C
rvs167,YDR388W
rxt2,YBR095C
rxt3,YDL076C
sac1,YKL212W
sac3,YDR159W
sac6,YDR129C
sac7,YDR389W
sad1-1,YFR005C
sae2,YGL175C
sae3,YHR079C-A
saf1,YBR280C
sag1,YJR004C
sak1,YER129W
sal1,YNL083W
sam1,YLR180W
sam2,YDR502C
sam3,YPL274W
sam35-2,YHR083W
sam37,YMR060C
sam37-supp1,YMR060C
sam4,YPL273W
san1,YDR143C
sap1,YER047C
sap155,YFR040W
sap185,YJL098W
sap190,YKR028W
sap30,YMR263W
sap4,YGL229C
sas10-5002,YDL153C
sas2,YMR127C
sas3,YBL052C
sas4,YDR181C
sas5,YOR213C
sat4,YCR008W
saw1,YAL027W
say1,YGR263C
sba1,YKL117W
sbe2,YDR351W
sbe22,YHR103W
sbh1,YER087C-B
sbh2,YER019C-A
sbp1,YHL034C
scc2-4,YDR180W
scc4-4,YER147C
scc4-5001,YER147C
scd6,YPR129W
sch9-supp1,YHR205W
scj1,YMR214W
scl1-5001,YGL011C
scm3-5007,YDL139C
scm4,YGR049W
sco1,YBR037C
sco2,YBR024W
scp1,YOR367W
scs2,YER120W
scs22,YBL091C-A
scs3,YGL126W
scs7,YMR272C
sct1,YBL011W
scw10,YMR305C
scw11,YGL028C
scw4,YGR279C
scy1,YGL083W
sda1-2,YGR245C
sdc1,YDR469W
sdc25,YLL016W
sdd1,YEL057C
sdd2,YMR074C
sdd3,YOL098C
sdd4,YPR022C
sdh1,YKL148C
sdh2,YLL041C
sdh4,YDR178W
sdh5,YOL071W
sdh6,YDR379C-A
sdh7,YDR511W
sdh8,YBR269C
sdl1,YIL167W
sdo1-vma1-ts,YLR022C
sdp1,YIL113W
sds22-5,YKL193C
sds23,YGL056C
sds24,YBR214W
sds3,YIL084C
sdt1,YGL224C
sea4,YBL104C
sec1-1,YDR164C
sec10-2,YLR166C
sec11-2,YIR022W
sec12-1,YNR026C
sec12-1-supp1,YNR026C
sec12-4,YNR026C
sec13-1,YLR208W
sec14-3,YMR079W
sec15-1,YGL233W
sec16-2,YPL085W
sec17-1,YBL050W
sec18-1,YBR080C
sec2-41,YNL272C
sec20-1,YDR498C
sec21-1,YNL287W
sec22,YLR268W
sec22-1,YLR268W
sec22-3,YLR268W
sec22-supp1,YLR268W
sec23-1,YPR181C
sec24-2,YIL109C
sec26-11d26,YDR238C
sec26-f856aw860a,YDR238C
sec27-1,YGL137W
sec28,YIL076W
sec3-2,YER008C
sec31-1,YDL195W
sec39-1,YLR440C
sec39-2,YLR440C
sec39-5001,YLR440C
sec4-8,YFL005W
sec5-24,YDR166C
sec53-6,YFL045C
sec59-ts,YMR013C
sec6-4,YIL068C
sec61-2,YLR378C
sec62-ts,YPL094C
sec63-1,YOR254C
sec65-1,YML105C
sec66,YBR171W
sec7-1,YDR170C
sec7-1-supp1,YDR170C
sec72,YLR292C
sec8-6,YPR055W
sec8-9,YPR055W
sec9-4,YGR009C
sed1,YDR077W
sed4,YCR067C
sed5-1,YLR026C
sef1,YBL066C
seg1,YMR086W
seg2,YKL105C
seh1,YGL100W
sei1,YLR404W
sem1,YDR363W-A
sen1-1,YLR430W
sen15-5001,YMR059W
sen2-1,YLR105C
sen54-5001,YPL083C
sen54-5002,YPL083C
seo1,YAL067C
ser1,YOR184W
ser2,YGR208W
ser3,YER081W
ser33,YIL074C
set1,YHR119W
set2,YJL168C
set3,YKR029C
set4,YJL105W
set5,YHR207C
set6,YPL165C
sey1,YOR165W
sfa1,YDL168W
sfb2,YNL049C
sfb3,YHR098C
sfc1,YJR095W
sfg1,YOR315W
sfh1-1,YLR321C
sfh5,YJL145W
sfi1-3,YLL003W
sfk1,YKL051W
sfl1,YOR140W
sfm1,YOR021C
sft2,YBL102W
sga1,YIL099W
sge1,YPR198W
sgf11,YPL047W
sgf29,YCL010C
sgf73,YGL066W
sgm1,YJR134C
sgn1,YIR001C
sgs1,YMR190C
sgt1-3,YOR057W
sgt1-5,YOR057W
sgt1-5-supp1,YOR057W
sgt2,YOR007C
sgv1-23,YPR161C
sgv1-35,YPR161C
sgv1-5001,YPR161C
sgv1-80,YPR161C
shb17,YKR043C
shc1,YER096W
she1,YBL031W
she10,YGL228W
she2,YKL130C
she3,YBR130C
she4,YOR035C
she9,YDR393W
shg1,YBR258C
shh3,YMR118C
shh4,YLR164W
shm1,YBR263W
shm2,YLR058C
sho1,YER118C
shp1,YBL058W
shq1-5001,YIL104C
shr5,YOL110W
shs1,YDL225W
shu1,YHL006C
shu2,YDR078C
shy1,YGR112W
sia1,YOR137C
sic1,YLR079W
sif2,YBR103W
sil1,YOL031C
sim1,YIL123W
sin3,YOL004W
sin4,YNL236W
sip1,YDR422C
sip18,YMR175W
sip2,YGL208W
sip3,YNL257C
sip4,YJL089W
sip5,YMR140W
sis2,YKR072C
sit1,YEL065W
siw14,YNL032W
siz1,YDR409W
skg1,YKR100C
skg3,YLR187W
skg6,YHR149C
ski2,YLR398C
ski3,YPR189W
ski6-5001,YGR195W
ski7,YOR076C
ski8,YGL213C
skm1,YOL113W
skn1,YGR143W
skn7,YHR206W
sko1,YNL167C
skp2,YNL311C
sks1,YPL026C
skt5,YBL061C
sky1,YMR216C
sla1,YBL007C
sla2,YNL243W
slc1,YDL052C
sld3-5001,YGL113W
sld5-5001,YDR489W
slf1,YDR515W
slg1,YOR008C
slh1,YGR271W
sli1,YGR212W
sli15,YBR156C
sli15-3,YBR156C
slk19,YOR195W
slm1,YIL105C
slm2,YNL047C
slm3,YDL033C
slm3-supp1,YDL033C
slm4,YBR077C
slm5,YCR024C
slm6-supp1,YBR266C
sln1-ts4,YIL147C
slo1,YER180C-A
slp1,YOR154W
slt2,YHR030C
slu7-ts1,YDR088C
slu7-ts2,YDR088C
slx1,YBR228W
slx4,YLR135W
slx5,YDL013W
slx8,YER116C
slx8-supp1,YER116C
slx9,YGR081C
sly1-ts,YDR189W
sly41,YOR307C
slz1,YNL196C
sma1,YPL027W
sma2,YML066C
smc1-2,YFL008W
smc1-259,YFL008W
smc2-8,YFR031C
smc3-1,YJL074C
smc3-42,YJL074C
smc4-1,YLR086W
smc5-6,YOL034W
smc6-9,YLR383W
smd1-1,YGR074W
smd2-5005,YLR275W
sme1-5001,YOR159C
sme1-5002,YOR159C
smf1,YOL122C
smf2,YHR050W
smf3,YLR034C
smi1,YGR229C
smk1,YPR054W
sml1,YML058W
smm1,YNR015W
smp1,YBR182C
smp3-1,YOR149C
smp3-2,YOR149C
smt3-331,YDR510W
smt3aiir,YDR510W
smx3-5001,YPR182W
smy1,YKL079W
smy2,YBR172C
sna2,YDR525W-A
sna3,YJL151C
sna4,YDL123W
snc1,YAL030W
snc2,YOR327C
snf1,YDR477W
snf1-supp1,YDR477W
snf11,YDR073W
snf12,YNR023W
snf2,YOR290C
snf3,YDL194W
snf4,YGL115W
snf5,YBR289W
snf6,YHL025W
snf7,YLR025W
snf8,YPL002C
sng1,YGR197C
snl1,YIL016W
snm1-172,YDR478W
snm1-5001,YDR478W
snn1,YNL086W
sno1,YMR095C
sno2,YNL334C
sno3,YFL060C
sno4,YMR322C
snq2,YDR011W
snt1,YCR033W
snt2,YGL131C
snt309,YPR101W
snu114-40,YKL173W
snu114-60,YKL173W
snu13-5001,YEL026W
snu23-5001,YDL098C
snu56-5001,YDR240C
snu66,YOR308C
snu71-5001,YGR013W
snx3,YOR357C
snx4,YJL036W
snx41,YDR425W
snz1,YMR096W
snz2,YNL333W
sod2,YHR008C
sof1-5001,YLL011W
sog2-5001-supp1,YOR353C
sog2-5002-supp1,YOR353C
soh1,YGL127C
sok1,YDR006C
sok2,YMR016C
sol1,YNR034W
sol2,YCR073W-A
sol3,YHR163W
sol4,YGR248W
som1,YEL059C-A
sop4,YJL192C
sor1,YJR159W
sor2,YDL246C
sov1,YMR066W
spa2,YLL021W
spb4-5006,YFL002C
spb4-5009,YFL002C
spc1,YJR010C-A
spc105-15,YGL093W
spc105-4,YGL093W
spc110-220,YDR356W
spc19-5001,YDR201W
spc2,YML055W
spc24-10,YMR117C
spc24-9,YMR117C
spc25-1,YER018C
spc29-3,YPL124W
spc3-4,YLR066W
spc42-11,YKL042W
spc97-5001,YHR172W
spc98-5001,YNL126W
spe1,YKL184W
spe2,YOL052C
spe3,YPR069C
spe4,YLR146C
spf1,YEL031W
spg1,YGR236C
spg3,YDR504C
spg4,YMR107W
spg5,YMR191W
sph1,YLR313C
spi1,YER150W
spl2,YHR136C
spn1-k192n,YPR133C
spo1,YNL012W
spo11,YHL022C
spo12,YHR152W
spo13,YHR014W
spo14,YKR031C
spo16,YHR153C
spo19,YPL130W
spo20,YMR017W
spo21,YOL091W
spo22,YIL073C
spo23,YBR250W
spo24,YPR036W-A
spo7,YAL009W
spo71,YDR104C
spo73,YER046W
spo74,YGL170C
spo75,YLL005C
spo77,YLR341W
spp1,YPL138C
spp381-5001,YBR152W
spp382-5001,YLR424W
spp382-5002,YLR424W
spp41-5001,YDR464W
spr1,YOR190W
spr2,YOR214C
spr28,YDR218C
spr3,YGR059W
spr6,YER115C
sps1,YDR523C
sps100,YHR139C
sps18,YNL204C
sps19,YNL202W
sps2,YDR522C
sps22,YCL048W
sps4,YOR313C
spt10,YJL127C
spt15-i143n,YER148W
spt15-p65s,YER148W
spt16-ts,YGL207W
spt2,YER161C
spt21,YMR179W
spt23,YKL020C
spt3,YDR392W
spt6-14,YGR116W
spt8,YLR055C
sqs1,YNL224C
sqt1-201,YIR012W
srb2,YHR041C
srb4-2,YER022W
srb6-5001,YBR253W
srb7-5003,YDR308C
src1,YML034W
srf1,YDL133W
srl1,YOR247W
srl2,YLR082C
srl3,YKR091W
srl4,YPL033C
srm1-g282s,YGL097W
srm1-ts,YGL097W
srn2,YLR119W
sro7,YPR032W
sro77,YBL106C
srp1-5001,YNL189W
srp101-47,YDR292C
srp102-510,YKL154W
srp40,YKR092C
srp54-5001,YPR088C
srp68-5005,YPL243W
srp72-5003,YPL210C
srs2,YJL092W
srt1,YMR101C
srv2-2,YNL138W
srv2-ts,YNL138W
srx1,YKL086W
sry1,YKL218C
ssa1,YAL005C
ssa2,YLL024C
ssa3,YBL075C
ssa4,YER103W
ssb1,YDL229W
ssb2,YNL209W
ssc1-2,YJR045C
ssd1,YDR293C
sse1,YPL106C
sse2,YBR169C
ssf1,YHR066W
ssf2,YDR312W
ssh1,YBR283C
ssh4,YKL124W
ssk1,YLR006C
ssk2,YNR031C
ssk22,YCR073C
ssl1-5001,YLR005W
ssl1-t242i,YLR005W
ssl2-ts,YIL143C
ssm4,YIL030C
ssn2,YDR443C
ssn3,YPL042C
ssn8,YNL025C
sso1,YPL232W
sso2,YMR183C
ssp1,YHR184W
ssp120,YLR250W
ssp2,YOR242C
sss1-5001,YDR086C
sst2,YLR452C
ssu1,YPL092W
ssu72-2,YNL222W
ssz1,YHR064C
stb1,YNL309W
stb2,YMR053C
stb3,YDR169C
stb4,YMR019W
stb5,YHR178W
stb6,YKL072W
std1,YOR047C
ste13,YOR219C
ste23,YLR389C
ste24,YJR117W
ste3,YKL178C
ste50,YCL032W
ste6,YKL209C
stf1,YDL130W-A
stf2,YGR008C
sti1,YOR027W
stl1,YDR536W
stm1,YLR150W
stn1-13,YDR082W
sto1,YMR125W
stp1,YDR463W
stp2,YHR006W
stp22,YCL008C
stp3,YLR375W
stp4,YDL048C
str2,YJR130C
str3,YGL184C
sts1-5001,YIR011C
stt3-2,YGL022W
stt3-7,YGL022W
stt4-4,YLR305C
stu1-12,YBL034C
stu1-5,YBL034C
stu1-6,YBL034C
stu1-7,YBL034C
stu1-8,YBL034C
stu2-10,YLR045C
stu2-11,YLR045C
stu2-12,YLR045C
stu2-13,YLR045C
stv1,YMR054W
sua5-5003,YGL169W
sua7-5001,YPR086W
sua7-c149r,YPR086W
sub1,YMR039C
sub2-1,YDL084W
suc2,YIL162W
sue1,YPR151C
sui2-5001,YJR007W
sui3-5001,YPL237W
sul1,YBR294W
sul2,YLR092W
sum1,YDR310C
sun4,YNL066W
sup35-td,YDR172W
sup45-ts,YBR143C
sur1,YPL057C
sur2,YDR297W
sur7,YML052W
sus1,YBR111W-A
sut1,YGL162W
sut2,YPR009W
suv3-supp1,YPL029W
svf1,YDR346C
svl3,YPL032C
svp26,YHR181W
svs1,YPL163C
swa2,YDR320C
swa2-supp1,YDR320C
swc3,YAL011W
swc4-4,YGR002C
swc5,YBR231C
swc7,YLR385C
swd1,YAR003W
swd2-1,YKL018W
swd3,YBR175W
swe1,YJL187C
swf1,YDR126W
swh1,YAR042W
swi1-5004,YPL016W
swi3,YJL176C
swi4,YER111C
swi5,YDR146C
swi6,YLR182W
swm1,YDR260C
swm2,YNR004W
swp1-5002,YMR149W
swp1-5004,YMR149W
swp82,YFL049W
swr1,YDR334W
sws2-supp1a,YNL081C
sws2-supp2,YNL081C
swt1,YOR166C
sxm1,YDR395W
syc1,YOR179C
syf1-5001,YDR416W
syf2,YGR129W
syg1,YIL047C
syh1,YPL105C
sym1,YLR251W
syn8,YAL014C
syo1,YDL063C
syp1,YCR030C
sys1,YJL004C
syt1,YPR095C
tad1,YGL243W
tad2-5001,YJL035C
tad3-5001,YLR316C
tae1,YBR261C
taf1-1,YGR274C
taf1-2,YGR274C
taf10-5002,YDR167W
taf10-5004,YDR167W
taf11-ts2,YML015C
taf12-9,YDR145W
taf12-l446a,YDR145W
taf12-l464a,YDR145W
taf12-ts23,YDR145W
taf12-w486stop,YDR145W
taf13-1,YML098W
taf13-2,YML098W
taf14,YPL129W
taf3-5001,YPL011C
taf3-5002,YPL011C
taf4-18,YMR005W
taf5-15,YBR198C
taf5-20,YBR198C
taf5-3,YBR198C
taf6-ts,YGL112C
taf7-ts1,YMR227C
taf8-7,YML114C
taf9-ts2,YMR236W
tah1,YCR060W
tah11-ts,YJR046W
tah18-5001,YPR048W
tah18-5002,YPR048W
tah18-5003,YPR048W
tal1,YLR354C
tam41-5001,YGR046W
tan1,YGL232W
tao3-5001-supp1,YIL129C
tao3-5007-supp1,YIL129C
tao3-5010,YIL129C
tao3-5011-supp1,YIL129C
tap42-11,YMR028W
tat1,YBR069C
tat2,YOL020W
tax4,YJL083W
taz1,YPR140W
tbf1-5001,YPL128C
tbs1,YBR150C
tca17,YEL048C
tcb1,YOR086C
tcb2,YNL087W
tcb3,YML072C
tcd1,YHR003C
tcd2,YKL027W
tcm62,YBR044C
tco89,YPL180W
tcp1-1,YDR212W
tcp1-2,YDR212W
tda1,YMR291W
tda10,YGR205W
tda11,YHR159W
tda2,YER071C
tda3,YHR009C
tda4,YJR116W
tda5-supp1,YLR426W
tda5-supp2,YLR426W
tda6,YPR157W
tda8,YAL064C-A
tda9,YML081W
tdh1,YJL052W
tdh2,YJR009C
tdh3,YGR192C
tdp1,YBR223C
tea1,YOR337W
tec1,YBR083W
ted1,YIL039W
tef1,YPR080W
tef2,YBR118W
tef4,YKL081W
tel1,YBL088C
tel2-15,YGR099W
tel2-7,YGR099W
tem1-3,YML064C
tem1-3-supp1,YML064C
tep1,YNL128W
tes1,YJR019C
tex1,YNL253W
tfa1-5001,YKL028W
tfa2-45,YKR062W
tfb1-6,YDR311W
tfb1-6-supp1,YDR311W
tfb2-5002,YPL122C
tfb2-5004,YPL122C
tfb3-ts,YDR460W
tfb4-5001,YPR056W
tfb5-supp1,YDR079C-A
tfb6,YOR352W
tfc1-e447k,YBR123C
tfc3-g349e,YAL001C
tfc4-5001,YGR047C
tfc6-m1,YDR362C
tfc8-5001,YPL007C
tfg1-5003,YGR186W
tfg2-5001,YGR005C
tfs1,YLR178C
tgl1,YKL140W
tgl2,YDR058C
tgl3,YMR313C
tgl4,YKR089C
tgl5,YOR081C
tgs1,YPL157W
thg1-5002,YGR024C
thi11,YJR156C
thi12,YNL332W
thi13,YDL244W
thi2,YBR240C
thi20,YOL055C
thi21,YPL258C
thi22,YPR121W
thi3,YDL080C
thi4,YGR144W
thi5,YFL058W
thi6,YPL214C
thi7,YLR237W
thi72,YOR192C
thi73,YLR004C
thi74,YDR438W
thi80-5001,YOR143C
tho1,YER063W
thp2,YHR167W
thp3,YPR045C
thr4,YCR053W
ths1-5009,YIL078W
tid3-1,YIL144W
tid3-1-supp1,YIL144W
tif1,YKR059W
tif11-5002,YMR260C
tif11-5006,YMR260C
tif2,YJL138C
tif34-5003,YMR146C
tif34-5004,YMR146C
tif35-5001,YDR429C
tif4632,YGL049C
tif6-5001,YPR016C
tif6-ts1,YPR016C
tif6-ts4,YPR016C
tim11,YDR322C-A
tim13,YGR181W
tim17-5001,YJL143W
tim18,YOR297C
tim21,YGR033C
tim22-19,YDL217C
tim23-5001,YNR017W
tim44-8,YIL022W
tim50-5001,YPL063W
tim54-5001,YJL054W
tim54-5002,YJL054W
tim8,YJR135W-A
tip1,YBR067C
tip20-5,YGL145W
tip41,YPR040W
tir1,YER011W
tir2,YOR010C
tir3,YIL011W
tir4,YOR009W
tis11,YLR136C
tkl1,YPR074C
tkl2,YBR117C
tlg1-5005,YDR468C
tlg2,YOL018C
tma10,YLR327C
tma108,YIL137C
tma16,YOR252W
tma17,YDL110C
tma19,YKL056C
tma20,YER007C-A
tma22,YJR014W
tma23,YMR269W
tma46,YOR091W
tma64,YDR117C
tma7,YLR262C-A
tmc1,YOR052C
tmn2,YDR107C
tmn3,YER113C
tms1,YDR105C
tmt1,YER175C
tna1,YGR260W
toa1-5001,YOR194C
tod6,YBL054W
tof1,YNL273W
tof2,YKR010C
tog1,YER184C
tok1,YJL093C
tom1,YDR457W
tom20-5009,YGR082W
tom5,YPR133W-A
tom6,YOR045W
tom7,YNL070W
tom70,YNL121C
tom71,YHR117W
top1,YOL006C
top2-5002,YNL088W
top3-supp1,YLR234W
tor1,YJR066W
tor2-21,YKL203C
tor2-29,YKL203C
tos1,YBR162C
tos2,YGR221C
tos3,YGL179C
tos4,YLR183C
tos6,YNL300W
tos8,YGL096W
tpa1,YER049W
tpc1,YGR096W
tpi1-1670,YDR050C
tpk1,YJL164C
tpk2,YPL203W
tpk3,YKL166C
tpm1-supp1,YNL079C
tpm1-supp1a,YNL079C
tpm2,YIL138C
tpn1,YGL186C
tpo1,YLL028W
tpo2,YGR138C
tpo3,YPR156C
tpo4,YOR273C
tpo5,YKL174C
tpp1,YMR156C
tps1,YBR126C
tps1-supp1,YBR126C
tps1-supp2,YBR126C
tps2,YDR074W
tps3,YMR261C
tpt1-5001,YOL102C
tra1,YHR099W
tre1,YPL176C
tre2-5005,YOR256C
trf5,YNL299W
tri1,YMR233W
trk1-supp1,YJL129C
trk2,YKR050W
trm1,YDR120C
trm10,YOL093W
trm11,YOL124C
trm112-5008,YNR046W
trm12,YML005W
trm13,YOL125W
trm2,YKR056W
trm3,YDL112W
trm44,YPL030W
trm7,YBR061C
trm732,YMR259C
trm8,YDL201W
trm82,YDR165W
trm9,YML014W
trp1,YDR007W
trp2,YER090W
trp3,YKL211C
trp4,YDR354W
trr2,YHR106W
trs130-5003,YMR218C
trs20-5001,YBR254C
trs23-5001,YDR246W
trs31-5002,YDR472W
trs31-5003,YDR472W
trs33,YOR115C
trs65,YGR166W
trs85,YDR108W
trx1,YLR043C
trx2,YGR209C
trx3,YCR083W
tsa1,YML028W
tsa2,YDR453C
tsc10-1,YBR265W
tsc11-1,YER093C
tsc11-5,YER093C
tsc11-7,YER093C
tsc13-5001,YDL015C
tsc3,YBR058C-A
tsc3-2,YBR058C-A
tsl1,YML100W
tsr1-5003,YDL060W
tsr1-5004,YDL060W
tsr2-supp1,YLR435W
tsr3,YOR006C
tsr4-5001,YOL022C
tub2-430,YFL037W
tub3,YML124C
tub4-y445d,YLR212C
tuf1-supp1,YOR187W
tul1,YKL034W
tum1,YOR251C
tus1,YLR425W
tvp15,YDR100W
tvp18,YMR071C
tvp23,YDR084C
tvp38,YKR088C
twf1,YGR080W
tye7,YOR344C
tyr1,YBR166C
tys1-1,YGR185C
tyw1,YPL207W
tyw3,YGL050W
uaf30,YOR295W
uba1-1,YKL210W
uba3,YPR066W
uba4,YHR111W
ubc1-5002,YDR177W
ubc11,YOR339C
ubc12,YLR306W
ubc13,YDR092W
ubc4,YBR082C
ubc5,YDR059C
ubc6,YER100W
ubc7,YMR022W
ubc8,YEL012W
ubc9-2,YDL064W
ubi4,YLL039C
ubp1,YDL122W
ubp10-supp1,YNL186W
ubp11,YKR098C
ubp12,YJL197W
ubp13,YBL067C
ubp14,YBR058C
ubp15,YMR304W
ubp16,YPL072W
ubp2,YOR124C
ubp3,YER151C
ubp5,YER144C
ubp6,YFR010W
ubp7,YIL156W
ubp8,YMR223W
ubp9,YER098W
ubr1,YGR184C
ubr2,YLR024C
ubs1,YBR165W
ubx2-supp1,YML013W
ubx3,YDL091C
ubx4,YMR067C
ubx5,YDR330W
ubx6,YJL048C
ubx7,YBR273C
ucc1,YLR224W
ufd1-2,YGR048W
ufd2,YDL190C
ufd4,YKL010C
ufe1-1,YOR075W
ufo1,YML088W
uga1,YGR019W
uga2,YBR006W
uga3,YDL170W
uga4,YDL210W
ugo1,YDR470C
ugp1-5001,YKL035W
ugx2,YDL169C
uip3,YAR027W
uip4,YPL186C
uip5,YKR044W
ula1,YPL003W
uli1,YFR026C
ulp1-333,YPL020C
uls1,YOR191W
ume1,YPL139C
ume6,YDR207C
ump1,YBR173C
ung1,YML021C
upc2,YDR213W
upf3,YGR072W
ups1,YLR193C
ups1-supp1,YLR193C
ups2,YLR168C
ups3,YDR185C
ura1,YKL216W
ura10,YMR271C
ura2,YJL130C
ura4,YLR420W
ura5,YML106W
ura6-5,YKL024C
ura6-6,YKL024C
ura7,YBL039C
ura8,YJR103W
urb2-5002,YJR041C
urc2,YDR520C
ure2,YNL229C
urh1,YDR400W
urk1,YNR012W
urm1,YIL008W
urn1,YPR152C
usa1,YML029W
use1-ts,YGL098W
uso1-1,YDL058W
usv1,YPL230W
uth1,YKR042W
utp13-5001,YLR222C
utp14-5001,YML093W
utp15-5001,YMR093W
utp18-5001,YJL069C
utp18-5002,YJL069C
utp21-5003,YLR409C
utp21-5011,YLR409C
utp23-5001,YOR004W
utp25-5003,YIL091C
utp25-5005,YIL091C
utp30,YKR060W
utp4-5003,YDR324C
utp4-5006,YDR324C
utp4-5007,YDR324C
utp5-5001,YDR398W
utp6-5001,YDR449C
utp7-5003,YER082C
utp7-5004,YER082C
utp8-5002,YGR128C
utp9-5001,YHR196W
utr1,YJR049C
utr2,YEL040W
utr4,YEL038W
utr5-5001,YEL035C
utr5-5002,YEL035C
vab2,YEL005C
vac14,YLR386W
vac17,YCL063W
vac7,YNL054W
vac8-supp1,YEL013W
vam10,YOR068C
vam3,YOR106W
vam6,YDL077C
vam7,YGL212W
van1,YML115C
vas1-5001,YGR094W
vba1,YMR088C
vba2,YBR293W
vba3,YCL069W
vba4,YDR119W
vba5,YKR105C
vcx1,YDL128W
vel1,YGL258W
vfa1,YER128W
vhc1,YBR235W
vhr1,YIL056W
vhr2,YER064C
vhs1,YDR247W
vhs2,YIL135C
vhs3,YOR054C
vht1-5003,YGR065C
vht1-5006,YGR065C
vid22,YLR373C
vid24,YBR105C
vid27,YNL212W
vid28,YIL017C
vid30,YGL227W
vik1,YPL253C
vip1,YLR410W
vma1,YDL185W
vma10,YHR039C-A
vma11,YPL234C
vma13,YPR036W
vma21,YGR105W
vma22,YHR060W
vma3,YEL027W
vma4,YOR332W
vma5,YKL080W
vma6,YLR447C
vma7,YGR020C
vma8,YEL051W
vma9,YCL005W-A
vmr1,YHL035C
vms1,YDR049W
vnx1,YNL321W
voa1,YGR106C
vph1-supp1,YOR270C
vph1-supp2,YOR270C
vps13,YLL040C
vps15,YBR097W
vps16,YPL045W
vps17,YOR132W
vps20,YMR077C
vps21,YOR089C
vps24,YKL041W
vps25,YJR102C
vps27,YNR006W
vps28,YPL065W
vps29,YHR012W
vps3,YDR495C
vps30,YPL120W
vps33,YLR396C
vps35,YJL154C
vps36,YLR417W
vps38,YLR360W
vps4,YPR173C
vps41,YDR080W
vps45,YGL095C
vps5,YOR069W
vps51,YKR020W
vps52,YDR484W
vps52-supp1,YDR484W
vps53,YJL029C
vps53-supp1,YJL029C
vps54-supp1,YDR027C
vps55,YJR044C
vps60,YDR486C
vps62,YGR141W
vps63,YLR261C
vps64,YDR200C
vps68,YOL129W
vps70,YJR126C
vps71,YML041C
vps72,YDR485C
vps73,YGL104C
vps74,YDR372C
vps8,YAL002W
vps9,YML097C
vrg4-5003,YGL225W
vrp1,YLR337C
vrp1-supp1,YLR337C
vta1,YLR181C
vtc1,YER072W
vtc2,YFL004W
vtc3,YPL019C
vtc4,YJL012C
vth1,YIL173W
vti1-11,YMR197C
vti1-11-supp1,YMR197C
vti1-2,YMR197C
vts1,YOR359W
war1,YML076C
wbp1-1,YEL002C
wbp1-2,YEL002C
whi2,YOR043W
whi3,YNL197C
whi4,YDL224C
whi5,YOR083W
wrs1-5001,YOL097C
wrs1-5003,YOL097C
wrs1-5008,YOL097C
wsc2,YNL283C
wsc3,YOL105C
wsc4,YHL028W
wss1,YHR134W
wtm1,YOR230W
wtm2,YOR229W
wwm1,YFL010C
xbp1,YIL101C
xdj1,YLR090W
xks1,YGR194C
xpt1,YJR133W
xrn1,YGL173C
xrs2,YDR369C
xyl2,YLR070C
yae1-5004,YJR067C
yaf9,YNL107W
yak1,YJL141C
yal004w,YAL004W
yal016c-b,YAL016C-B
yal037c-a,YAL037C-A
yal037w,YAL037W
yal042c-a,YAL042C-A
yal044w-a,YAL044W-A
yal045c,YAL045C
yal056c-a,YAL056C-A
yal063c-a,YAL063C-A
yal064w,YAL064W
yal065c,YAL065C
yal066w,YAL066W
yal067w-a,YAL067W-A
yap1,YML007W
yap1801,YHR161C
yap1802,YGR241C
yap3,YHL009C
yap5,YIR018W
yap6,YDR259C
yap7,YOL028C
yar023c,YAR023C
yar028w,YAR028W
yar029w,YAR029W
yar030c,YAR030C
yar035c-a,YAR035C-A
yar037w,YAR037W
yar040c,YAR040C
yar043c,YAR043C
yar044w,YAR044W
yar047c,YAR047C
yar066w,YAR066W
yar068w,YAR068W
yar075w,YAR075W
yar1,YPL239W
yat1,YAR035W
yat2,YER024W
ybl008w-a,YBL008W-A
ybl010c,YBL010C
ybl028c,YBL028C
ybl029c-a,YBL029C-A
ybl029w,YBL029W
ybl036c,YBL036C
ybl039w-b,YBL039W-B
ybl044w,YBL044W
ybl053w,YBL053W
ybl055c,YBL055C
ybl059w,YBL059W
ybl062w,YBL062W
ybl065w,YBL065W
ybl070c,YBL070C
ybl071c,YBL071C
ybl071c-b,YBL071C-B
ybl081w,YBL081W
ybl083c,YBL083C
ybl086c,YBL086C
ybl096c,YBL096C
ybl100c,YBL100C
ybl100w-c,YBL100W-C
ybl111c,YBL111C
ybl112c,YBL112C
ybl113c,YBL113C
ybp1,YBR216C
ybp2,YGL060W
ybr012c,YBR012C
ybr013c,YBR013C
ybr016w,YBR016W
ybr027c,YBR027C
ybr032w,YBR032W
ybr051w,YBR051W
ybr053c,YBR053C
ybr056w,YBR056W
ybr056w-a,YBR056W-A
ybr062c,YBR062C
ybr063c,YBR063C
ybr064w,YBR064W
ybr071w,YBR071W
ybr072c-a,YBR072C-A
ybr075w,YBR075W
ybr085c-a,YBR085C-A
ybr090c,YBR090C
ybr096w,YBR096W
ybr099c,YBR099C
ybr100w,YBR100W
ybr116c,YBR116C
ybr134w,YBR134W
ybr137w,YBR137W
ybr138c,YBR138C
ybr139w,YBR139W
ybr178w,YBR178W
ybr182c-a,YBR182C-A
ybr184w,YBR184W
ybr196c-a,YBR196C-A
ybr196c-b,YBR196C-B
ybr197c,YBR197C
ybr200w-a,YBR200W-A
ybr206w,YBR206W
ybr219c,YBR219C
ybr220c,YBR220C
ybr221w-a,YBR221W-A
ybr224w,YBR224W
ybr225w,YBR225W
ybr226c,YBR226C
ybr230w-a,YBR230W-A
ybr232c,YBR232C
ybr238c,YBR238C
ybr241c,YBR241C
ybr242w,YBR242W
ybr255c-a,YBR255C-A
ybr259w,YBR259W
ybr277c,YBR277C
ybr284w,YBR284W
ybr285w,YBR285W
ybr287w,YBR287W
ybr292c,YBR292C
ybr296c-a,YBR296C-A
ybr298c-a,YBR298C-A
ybr300c,YBR300C
ybt1,YLL048C
ycf1,YDR135C
ycg1-2,YDR325W
ych1,YGR203W
yck1,YHR135C
yck2,YNL154C
yck3,YER123W
ycl001w-a,YCL001W-A
ycl001w-b,YCL001W-B
ycl002c,YCL002C
ycl006c,YCL006C
ycl012w,YCL012W
ycl013w,YCL013W
ycl022c,YCL022C
ycl023c,YCL023C
ycl026c,YCL026C
ycl042w,YCL042W
ycl046w,YCL046W
ycl049c,YCL049C
ycl060c,YCL060C
ycl062w,YCL062W
ycl068c,YCL068C
ycl074w,YCL074W
ycl075w,YCL075W
ycl076w,YCL076W
ycp4,YCR004C
ycr001w,YCR001W
ycr006c,YCR006C
ycr007c,YCR007C
ycr016w,YCR016W
ycr022c,YCR022C
ycr023c,YCR023C
ycr024c-b,YCR024C-B
ycr025c,YCR025C
ycr049c,YCR049C
ycr050c,YCR050C
ycr051w,YCR051W
ycr061w,YCR061W
ycr062w,YCR062W
ycr085w,YCR085W
ycr087c-a,YCR087C-A
ycr087w,YCR087W
ycr090c,YCR090C
ycr095w-a,YCR095W-A
ycr099c,YCR099C
ycr100c,YCR100C
ycr101c,YCR101C
ycr102c,YCR102C
ycr102w-a,YCR102W-A
ycs4-1,YLR272C
yct1,YLL055W
ydc1,YPL087W
ydj1,YNL064C
ydl011c,YDL011C
ydl012c,YDL012C
ydl023c,YDL023C
ydl026w,YDL026W
ydl038c,YDL038C
ydl050c,YDL050C
ydl057w,YDL057W
ydl062w,YDL062W
ydl071c,YDL071C
ydl085c-a,YDL085C-A
ydl086w,YDL086W
ydl094c,YDL094C
ydl109c,YDL109C
ydl114w,YDL114W
ydl118w,YDL118W
ydl121c,YDL121C
ydl124w,YDL124W
ydl129w,YDL129W
ydl144c,YDL144C
ydl157c,YDL157C
ydl159w-a,YDL159W-A
ydl162c,YDL162C
ydl172c,YDL172C
ydl176w,YDL176W
ydl177c,YDL177C
ydl180w,YDL180W
ydl183c,YDL183C
ydl186w,YDL186W
ydl187c,YDL187C
ydl199c,YDL199C
ydl206w,YDL206W
ydl211c,YDL211C
ydl218w,YDL218W
ydl241w,YDL241W
ydl242w,YDL242W
ydr003w-a,YDR003W-A
ydr010c,YDR010C
ydr015c,YDR015C
ydr018c,YDR018C
ydr029w,YDR029W
ydr034c-a,YDR034C-A
ydr034w-b,YDR034W-B
ydr042c,YDR042C
ydr048c-supp1,YDR048C
ydr061w,YDR061W
ydr089w,YDR089W
ydr090c,YDR090C
ydr094w,YDR094W
ydr095c,YDR095C
ydr102c,YDR102C
ydr109c,YDR109C
ydr124w,YDR124W
ydr131c,YDR131C
ydr132c,YDR132C
ydr133c,YDR133C
ydr134c,YDR134C
ydr149c,YDR149C
ydr154c,YDR154C
ydr157w,YDR157W
ydr169c-a,YDR169C-A
ydr182w-a,YDR182W-A
ydr186c,YDR186C
ydr193w,YDR193W
ydr194w-a,YDR194W-A
ydr199w,YDR199W
ydr203w,YDR203W
ydr209c,YDR209C
ydr210w,YDR210W
ydr215c,YDR215C
ydr220c,YDR220C
ydr222w,YDR222W
ydr239c,YDR239C
ydr248c,YDR248C
ydr249c,YDR249C
ydr250c,YDR250C
ydr262w,YDR262W
ydr269c,YDR269C
ydr271c,YDR271C
ydr274c,YDR274C
ydr278c,YDR278C
ydr286c,YDR286C
ydr290w,YDR290W
ydr306c,YDR306C
ydr338c,YDR338C
ydr340w,YDR340W
ydr341c-5001,YDR341C
ydr344c,YDR344C
ydr366c,YDR366C
ydr381c-a,YDR381C-A
ydr387c,YDR387C
ydr391c,YDR391C
ydr401w,YDR401W
ydr415c,YDR415C
ydr426c,YDR426C
ydr431w,YDR431W
ydr444w,YDR444W
ydr445c,YDR445C
ydr455c,YDR455C
ydr467c,YDR467C
ydr474c,YDR474C
ydr476c,YDR476C
ydr491c,YDR491C
ydr509w,YDR509W
ydr514c,YDR514C
ydr524c-b,YDR524C-B
ydr524w-c,YDR524W-C
ydr535c,YDR535C
ydr537c,YDR537C
ydr541c,YDR541C
yea4,YEL004W
yea6,YEL006W
yef1,YEL041W
yef3-f650s,YLR249W
yeh1,YLL012W
yeh2,YLR020C
yel020c,YEL020C
yel023c,YEL023C
yel025c,YEL025C
yel043w,YEL043W
yel073c,YEL073C
yel075c,YEL075C
yel076c,YEL076C
yel077c,YEL077C
yel1,YBL060W
yen1,YER041W
yer010c,YER010C
yer034w,YER034W
yer039c-a,YER039C-A
yer046w-a,YER046W-A
yer053c-a,YER053C-A
yer066c-a,YER066C-A
yer067c-a,YER067C-A
yer076c,YER076C
yer078w-a,YER078W-A
yer079w,YER079W
yer084w,YER084W
yer085c,YER085C
yer087c-a,YER087C-A
yer091c-a,YER091C-A
yer097w,YER097W
yer108c,YER108C
yer119c-a,YER119C-A
yer121w,YER121W
yer134c,YER134C
yer135c,YER135C
yer137c,YER137C
yer152c,YER152C
yer156c,YER156C
yer158c,YER158C
yer175w-a,YER175W-A
yer181c,YER181C
yer186c,YER186C
yer187w,YER187W
yer188c-a,YER188C-A
yer188w,YER188W
yer189w,YER189W
yet1,YKL065C
yet2,YMR040W
yfh7,YFR007W
yfl006w,YFL006W
yfl012w,YFL012W
yfl013w-a,YFL013W-A
yfl015c,YFL015C
yfl019c,YFL019C
yfl032w,YFL032W
yfl040w,YFL040W
yfl041w-a,YFL041W-A
yfl043c,YFL043C
yfl051c,YFL051C
yfl054c,YFL054C
yfl063w,YFL063W
yfl064c,YFL064C
yfl065c,YFL065C
yfr006w,YFR006W
yfr016c,YFR016C
yfr018c,YFR018C
yfr020w,YFR020W
yfr024c,YFR024C
yfr032c-b,YFR032C-B
yfr035c,YFR035C
yfr045w,YFR045W
yfr054c,YFR054C
yfr056c,YFR056C
yfr057w,YFR057W
yft2,YDR319C
ygk3,YOL128C
ygl006w-a,YGL006W-A
ygl007c-a,YGL007C-A
ygl015c,YGL015C
ygl024w,YGL024W
ygl034c,YGL034C
ygl036w,YGL036W
ygl039w,YGL039W
ygl041c,YGL041C
ygl041c-b,YGL041C-B
ygl042c,YGL042C
ygl046w,YGL046W
ygl081w,YGL081W
ygl082w,YGL082W
ygl101w,YGL101W
ygl108c,YGL108C
ygl109w,YGL109W
ygl114w,YGL114W
ygl117w,YGL117W
ygl118c,YGL118C
ygl132w,YGL132W
ygl138c,YGL138C
ygl140c,YGL140C
ygl149w,YGL149W
ygl152c,YGL152C
ygl159w,YGL159W
ygl165c,YGL165C
ygl176c,YGL176C
ygl177w,YGL177W
ygl185c,YGL185C
ygl188c-a,YGL188C-A
ygl199c,YGL199C
ygl217c,YGL217C
ygl230c,YGL230C
ygl235w,YGL235W
ygl242c,YGL242C
ygl258w-a,YGL258W-A
ygl260w,YGL260W
ygl262w,YGL262W
ygp1,YNL160W
ygr011w,YGR011W
ygr012w,YGR012W
ygr015c,YGR015C
ygr016w,YGR016W
ygr017w,YGR017W
ygr018c,YGR018C
ygr021w,YGR021W
ygr022c,YGR022C
ygr025w,YGR025W
ygr026w,YGR026W
ygr035c,YGR035C
ygr035w-a,YGR035W-A
ygr039w,YGR039W
ygr042w,YGR042W
ygr045c,YGR045C
ygr050c,YGR050C
ygr051c,YGR051C
ygr053c,YGR053C
ygr054w,YGR054W
ygr066c,YGR066C
ygr067c,YGR067C
ygr069w,YGR069W
ygr079w,YGR079W
ygr107w,YGR107W
ygr111w,YGR111W
ygr117c,YGR117C
ygr121w-a,YGR121W-A
ygr122c-a,YGR122C-A
ygr122w,YGR122W
ygr125w,YGR125W
ygr126w,YGR126W
ygr127w,YGR127W
ygr130c,YGR130C
ygr137w,YGR137W
ygr139w,YGR139W
ygr146c-a-supp1,YGR146C-A
ygr149w,YGR149W
ygr151c,YGR151C
ygr153w,YGR153W
ygr161w-c,YGR161W-C
ygr164w,YGR164W
ygr168c,YGR168C
ygr174w-a,YGR174W-A
ygr176w,YGR176W
ygr182c,YGR182C
ygr201c,YGR201C
ygr204c-a,YGR204C-A
ygr210c,YGR210C
ygr226c,YGR226C
ygr228w,YGR228W
ygr237c,YGR237C
ygr240c-a,YGR240C-A
ygr242w,YGR242W
ygr250c,YGR250C
ygr259c,YGR259C
ygr266w,YGR266W
ygr269w,YGR269W
ygr273c,YGR273C
ygr283c,YGR283C
ygr290w,YGR290W
ygr291c,YGR291C
yhb1,YGR234W
yhc1-1,YLR298C
yhc1-2,YLR298C
yhc1-3,YLR298C
yhc1-8,YLR298C
yhc3,YJL059W
yhi9,YHR029C
yhk8,YHR048W
yhl008c,YHL008C
yhl012w,YHL012W
yhl015w-a,YHL015W-A
yhl017w,YHL017W
yhl018w,YHL018W
yhl026c,YHL026C
yhl037c,YHL037C
yhl041w,YHL041W
yhl042w,YHL042W
yhl044w,YHL044W
yhl045w,YHL045W
yhl048c-a,YHL048C-A
yhm2,YMR241W
yhp1,YDR451C
yhr020w-5001,YHR020W
yhr022c,YHR022C
yhr022c-a,YHR022C-A
yhr033w,YHR033W
yhr045w,YHR045W
yhr049c-a,YHR049C-A
yhr050w-a,YHR050W-A
yhr054c,YHR054C
yhr078w,YHR078W
yhr086w-a,YHR086W-A
yhr095w,YHR095W
yhr097c,YHR097C
yhr112c,YHR112C
yhr125w,YHR125W
yhr127w,YHR127W
yhr130c,YHR130C
yhr131c,YHR131C
yhr138c,YHR138C
yhr139c-a,YHR139C-A
yhr140w,YHR140W
yhr175w-a,YHR175W-A
yhr177w,YHR177W
yhr180w,YHR180W
yhr182w,YHR182W
yhr202w,YHR202W
yhr210c,YHR210C
yhr212w-a,YHR212W-A
yhr213w,YHR213W
yhr213w-b,YHR213W-B
yhr218w,YHR218W
yia6,YIL006W
yig1,YPL201C
yih1,YCR059C
yil001w,YIL001W
yil002w-a,YIL002W-A
yil012w,YIL012W
yil014c-a,YIL014C-A
yil024c,YIL024C
yil025c,YIL025C
yil028w,YIL028W
yil029c,YIL029C
yil032c,YIL032C
yil046w-a,YIL046W-A
yil054w,YIL054W
yil055c,YIL055C
yil058w,YIL058W
yil059c,YIL059C
yil067c,YIL067C
yil077c,YIL077C
yil080w,YIL080W
yil086c,YIL086C
yil089w,YIL089W
yil092w,YIL092W
yil100w,YIL100W
yil102c,YIL102C
yil108w,YIL108W
yil134c-a,YIL134C-A
yil141w,YIL141W
yil152w,YIL152W
yil161w,YIL161W
yil163c,YIL163C
yil165c,YIL165C
yil166c,YIL166C
yil168w,YIL168W
yil169c,YIL169C
yil171w,YIL171W
yil174w,YIL174W
yil175w,YIL175W
yim1,YMR152W
yip1-4,YGR172C
yip1-40,YGR172C
yip1-5001,YGR172C
yip3,YNL044W
yip4,YGL198W
yip5,YGL161C
yir014w,YIR014W
yir016w,YIR016W
yir018c-a,YIR018C-A
yir020c,YIR020C
yir020w-a,YIR020W-A
yir021w-a,YIR021W-A
yir035c,YIR035C
yir042c,YIR042C
yir043c,YIR043C
yir044c,YIR044C
yjl007c,YJL007C
yjl016w,YJL016W
yjl017w,YJL017W
yjl021c,YJL021C
yjl022w,YJL022W
yjl027c,YJL027C
yjl028w,YJL028W
yjl043w,YJL043W
yjl045w-supp1,YJL045W
yjl047c-a,YJL047C-A
yjl052c-a,YJL052C-A
yjl055w,YJL055W
yjl064w,YJL064W
yjl067w,YJL067W
yjl068c,YJL068C
yjl070c,YJL070C
yjl077w-b,YJL077W-B
yjl107c,YJL107C
yjl118w,YJL118W
yjl120w,YJL120W
yjl127c-b,YJL127C-B
yjl132w,YJL132W
yjl133c-a,YJL133C-A
yjl135w,YJL135W
yjl136w-a,YJL136W-A
yjl144w,YJL144W
yjl150w,YJL150W
yjl152w,YJL152W
yjl163c,YJL163C
yjl169w,YJL169W
yjl171c,YJL171C
yjl175w,YJL175W
yjl181w,YJL181W
yjl182c,YJL182C
yjl193w,YJL193W
yjl206c,YJL206C
yjl211c,YJL211C
yjl213w,YJL213W
yjl215c,YJL215C
yjl218w,YJL218W
yjr011c,YJR011C
yjr015w,YJR015W
yjr020w,YJR020W
yjr030c,YJR030C
yjr037w,YJR037W
yjr038c,YJR038C
yjr039w,YJR039W
yjr056c,YJR056C
yjr061w,YJR061W
yjr079w,YJR079W
yjr084w,YJR084W
yjr085c,YJR085C
yjr087w,YJR087W
yjr096w,YJR096W
yjr098c,YJR098C
yjr107w,YJR107W
yjr111c,YJR111C
yjr114w,YJR114W
yjr115w,YJR115W
yjr120w,YJR120W
yjr124c,YJR124C
yjr128w,YJR128W
ipa1-5001,YJR141W
yjr142w,YJR142W
yjr146w,YJR146W
yjr149w,YJR149W
yjr151w-a,YJR151W-A
yjr154w,YJR154W
yju2-5001,YKL095W
yju3,YKL094W
yke2,YLR200W
yke4,YIL023C
ykl018c-a,YKL018C-A
ykl023w,YKL023W
ykl030w,YKL030W
ykl031w,YKL031W
ykl033w-a,YKL033W-A
ykl044w,YKL044W
ykl050c,YKL050C
ykl053w,YKL053W
ykl063c,YKL063C
ykl066w,YKL066W
ykl068w-a,YKL068W-A
ykl069w,YKL069W
ykl070w,YKL070W
ykl071w,YKL071W
ykl075c,YKL075C
ykl077w,YKL077W
ykl091c,YKL091C
ykl096c-b,YKL096C-B
ykl097c,YKL097C
ykl102c,YKL102C
ykl106c-a,YKL106C-A
ykl107w,YKL107W
ykl115c,YKL115C
ykl123w,YKL123W
ykl131w,YKL131W
ykl133c,YKL133C
ykl136w,YKL136W
ykl147c,YKL147C
ykl151c,YKL151C
ykl158w,YKL158W
ykl162c,YKL162C
ykl177w,YKL177W
ykl183c-a,YKL183C-A
ykl199c,YKL199C
ykl200c,YKL200C
ykl202w,YKL202W
ykl222c,YKL222C
ykr005c,YKR005C
ykr011c,YKR011C
ykr012c,YKR012C
ykr015c,YKR015C
ykr018c,YKR018C
ykr023w,YKR023W
ykr032w,YKR032W
ykr033c,YKR033C
ykr040c,YKR040C
ykr041w,YKR041W
ykr045c,YKR045C
ykr047w,YKR047W
ykr051w,YKR051W
ykr070w,YKR070W
ykr075c,YKR075C
ykr078w,YKR078W
ykr104w,YKR104W
ykt6-5001,YKL196C
yku70,YMR284W
yku80,YMR106C
ylf2,YHL014C
ylh47,YPR125W
yll006w-a,YLL006W-A
yll017w,YLL017W
yll020c,YLL020C
yll032c,YLL032C
yll047w,YLL047W
yll053c,YLL053C
yll054c,YLL054C
yll056c,YLL056C
yll058w,YLL058W
yll059c,YLL059C
yll066w-b,YLL066W-B
ylr001c,YLR001C
ylr012c,YLR012C
ylr030w,YLR030W
ylr031w,YLR031W
ylr036c,YLR036C
ylr041w,YLR041W
ylr042c,YLR042C
ylr046c,YLR046C
ylr049c,YLR049C
ylr050c,YLR050C
ylr053c,YLR053C
ylr108c,YLR108C
ylr111w,YLR111W
ylr112w,YLR112W
ylr118c,YLR118C
ylr122c,YLR122C
ylr123c,YLR123C
ylr124w,YLR124W
ylr125w,YLR125W
ylr126c,YLR126C
ylr149c,YLR149C
ylr152c,YLR152C
ylr154c-g,YLR154C-G
ylr154c-h,YLR154C-H
ylr154w-a,YLR154W-A
ylr156c-a,YLR156C-A
ylr156w,YLR156W
ylr159c-a,YLR159C-A
ylr159w,YLR159W
ylr162w,YLR162W
ylr169w,YLR169W
ylr171w,YLR171W
ylr173w,YLR173W
ylr177w,YLR177W
ylr179c,YLR179C
ylr194c,YLR194C
ylr217w,YLR217W
ylr225c,YLR225C
ylr232w,YLR232W
ylr235c-supp1,YLR235C
ylr236c,YLR236C
ylr252w,YLR252W
ylr255c,YLR255C
ylr257w,YLR257W
ylr264c-a,YLR264C-A
ylr269c,YLR269C
ylr278c,YLR278C
ylr279w,YLR279W
ylr280c,YLR280C
ylr281c,YLR281C
ylr282c,YLR282C
ylr283w,YLR283W
ylr285c-a,YLR285C-A
ylr287c,YLR287C
ylr294c,YLR294C
ylr296w,YLR296W
ylr297w,YLR297W
ylr307c-a,YLR307C-A
ylr311c,YLR311C
ylr312c-b,YLR312C-B
ylr317w-5001,YLR317W
ylr326w,YLR326W
ylr334c,YLR334C
ylr345w,YLR345W
ylr349w,YLR349W
ylr352w,YLR352W
ylr361c-a,YLR361C-A
ylr363w-a,YLR363W-A
ylr365w,YLR365W
ylr366w,YLR366W
ylr374c,YLR374C
ylr391w,YLR391W
ylr400w,YLR400W
ylr402w-supp1,YLR402W
ylr406c-a,YLR406C-A
ylr407w,YLR407W
ylr412c-a,YLR412C-A
ylr415c,YLR415C
ylr416c,YLR416C
ylr419w,YLR419W
ylr428c,YLR428C
ylr434c,YLR434C
ylr444c,YLR444C
ylr446w,YLR446W
ylr456w,YLR456W
ylr460c,YLR460C
ylr464w,YLR464W
ylr466c-b,YLR466C-B
ymc1,YPR058W
ymc2,YBR104W
ymd8,YML038C
yme1,YPR024W
yme2,YMR302C
yml002w,YML002W
yml003w,YML003W
yml007c-a,YML007C-A
yml009c-a,YML009C-A
yml018c,YML018C
yml020w,YML020W
yml033w,YML033W
yml034c-a,YML034C-A
yml037c,YML037C
yml047w-a,YML047W-A
yml053c,YML053C
yml054c-a,YML054C-A
yml057c-a,YML057C-A
yml079w,YML079W
yml082w,YML082W
yml090w,YML090W
yml096w,YML096W
yml100w-a,YML100W-A
yml108w,YML108W
yml116w-a,YML116W-A
yml119w,YML119W
yml122c-supp1,YML122C
yml131w,YML131W
yml133c,YML133C
ymr001c-a,YMR001C-A
ymr007w,YMR007W
ymr010w,YMR010W
ymr013w-a,YMR013W-A
ymr018w,YMR018W
ymr027w,YMR027W
ymr030w-a,YMR030W-A
ymr031w-a,YMR031W-A
ymr052c-a,YMR052C-A
ymr057c,YMR057C
ymr075c-a,YMR075C-A
ymr084w,YMR084W
ymr085w,YMR085W
ymr086c-a,YMR086C-A
ymr087w,YMR087W
ymr090w,YMR090W
ymr099c,YMR099C
ymr1,YJR110W
ymr102c,YMR102C
ymr103c,YMR103C
ymr111c,YMR111C
ymr114c,YMR114C
ymr119w-a,YMR119W-A
ymr122c,YMR122C
ymr122w-a,YMR122W-A
ymr130w,YMR130W
ymr141c,YMR141C
ymr144w,YMR144W
ymr147w,YMR147W
ymr153c-a,YMR153C-A
ymr155w,YMR155W
ymr158c-a,YMR158C-A
ymr158w-b,YMR158W-B
ymr160w,YMR160W
ymr172c-a,YMR172C-A
ymr173w-a,YMR173W-A
ymr175w-a,YMR175W-A
ymr178w,YMR178W
ymr181c,YMR181C
ymr182w-a,YMR182W-A
ymr187c,YMR187C
ymr193c-a,YMR193C-A
ymr194c-a,YMR194C-A
ymr196w,YMR196W
ymr206w,YMR206W
ymr209c,YMR209C
ymr210w,YMR210W
ymr221c,YMR221C
ymr226c,YMR226C
ymr230w-a,YMR230W-A
ymr242w-a,YMR242W-A
ymr244w,YMR244W
ymr245w,YMR245W
ymr247w-a,YMR247W-A
ymr252c,YMR252C
ymr253c,YMR253C
ymr254c,YMR254C
ymr262w,YMR262W
ymr265c,YMR265C
ymr272w-b,YMR272W-B
ymr279c,YMR279C
ymr294w-a,YMR294W-A
ymr295c,YMR295C
ymr304c-a,YMR304C-A
ymr306c-a,YMR306C-A
ymr31,YFR049W
ymr310c,YMR310C
ymr315w,YMR315W
ymr315w-a,YMR315W-A
ymr316c-a,YMR316C-A
ymr316c-b,YMR316C-B
ymr317w,YMR317W
ymr320w,YMR320W
ymr321c,YMR321C
ymr326c,YMR326C
ynd1,YER005W
yng1,YOR064C
ynk1,YKL067W
ynl010w,YNL010W
ynl011c,YNL011C
ynl013c,YNL013C
ynl018c,YNL018C
ynl019c,YNL019C
ynl028w,YNL028W
ynl033w,YNL033W
ynl034w,YNL034W
ynl035c,YNL035C
ynl040w,YNL040W
ynl042w-b,YNL042W-B
ynl043c,YNL043C
ynl046w,YNL046W
ynl050c,YNL050C
ynl057w,YNL057W
ynl058c,YNL058C
ynl067w-b,YNL067W-B
ynl089c,YNL089C
ynl092w,YNL092W
ynl095c,YNL095C
ynl097c-b,YNL097C-B
ynl108c,YNL108C
ynl109w,YNL109W
ynl115c,YNL115C
ynl120c,YNL120C
ynl122c,YNL122C
ynl134c,YNL134C
ynl140c,YNL140C
ynl143c,YNL143C
ynl144c,YNL144C
ynl146c-a,YNL146C-A
ynl146w,YNL146W
ynl162w-a,YNL162W-A
ynl165w,YNL165W
pbr1-5001,YNL181W
pbr1-5002,YNL181W
pbr1-5005,YNL181W
pbr1-5006,YNL181W
pbr1-5007,YNL181W
pbr1-5008,YNL181W
pbr1-5012,YNL181W
pbr1-5013,YNL181W
ynl190w,YNL190W
ynl193w,YNL193W
ynl194c,YNL194C
ynl195c,YNL195C
ynl200c,YNL200C
ynl208w,YNL208W
ynl217w,YNL217W
ynl234w,YNL234W
ynl247w-5001,YNL247W
ynl277w-a,YNL277W-A
ynl320w,YNL320W
ynr005c,YNR005C
ynr014w,YNR014W
ynr021w,YNR021W
ynr025c,YNR025C
ynr029c,YNR029C
ynr040w,YNR040W
ynr042w,YNR042W
ynr048w,YNR048W
ynr061c,YNR061C
ynr062c,YNR062C
ynr063w,YNR063W
ynr064c,YNR064C
ynr065c,YNR065C
ynr066c,YNR066C
ynr068c,YNR068C
ynr071c,YNR071C
ynr073c,YNR073C
ynr075c-a,YNR075C-A
yol013w-a,YOL013W-A
yol014w,YOL014W
yol019w,YOL019W
yol019w-a,YOL019W-A
yol024w,YOL024W
yol029c,YOL029C
yol035c,YOL035C
yol036w,YOL036W
yol037c,YOL037C
yol038c-a,YOL038C-A
yol046c,YOL046C
yol050c,YOL050C
yol057w,YOL057W
yol075c,YOL075C
yol079w,YOL079W
yol085c,YOL085C
yol097w-a,YOL097W-A
yol099c,YOL099C
yol106w,YOL106W
yol107w,YOL107W
yol118c,YOL118C
yol131w,YOL131W
yol150c,YOL150C
yol153c,YOL153C
yol155w-a,YOL155W-A
yol159c,YOL159C
yol159c-a,YOL159C-A
yol160w,YOL160W
yol162w,YOL162W
yol163w,YOL163W
yol164w-a,YOL164W-A
yol166w-a,YOL166W-A
yop1,YPR028W
yor008c-a,YOR008C-A
yor011w-a,YOR011W-A
yor012w,YOR012W
yor015w,YOR015W
yor019w,YOR019W
yor020w-a,YOR020W-A
yor022c,YOR022C
yor024w,YOR024W
yor029w,YOR029W
yor032w-a,YOR032W-A
yor034c-a,YOR034C-A
yor041c,YOR041C
yor050c,YOR050C
yor053w,YOR053W
yor055w,YOR055W
yor062c,YOR062C
yor072w,YOR072W
yor072w-b,YOR072W-B
yor082c,YOR082C
yor088w,YOR088W
yor097c,YOR097C
yor1,YGR281W
yor105w,YOR105W
yor111w,YOR111W
yor114w,YOR114W
yor121c,YOR121C
yor131c,YOR131C
yor139c,YOR139C
yor170w,YOR170W
yor186w,YOR186W
yor192c-c,YOR192C-C
yor225w,YOR225W
yor238w,YOR238W
yor240w,YOR240W
yor248w,YOR248W
yor263c,YOR263C
yor268c,YOR268C
yor277c,YOR277C
yor283w,YOR283W
yor289w,YOR289W
yor292c,YOR292C
yor293c-a,YOR293C-A
yor296w,YOR296W
yor300w,YOR300W
yor309c,YOR309C
yor314w,YOR314W
yor316c-a,YOR316C-A
yor318c,YOR318C
yor325w,YOR325W
yor333c,YOR333C
yor338w,YOR338W
yor342c,YOR342C
yor343c,YOR343C
yor345c,YOR345C
yor364w,YOR364W
yor365c,YOR365C
yor366w,YOR366W
yor376w,YOR376W
yor376w-a,YOR376W-A
yor379c,YOR379C
yor381w-a,YOR381W-A
yor385w,YOR385W
yor387c,YOR387C
yor389w,YOR389W
yor394c-a,YOR394C-A
yos9,YDR057W
yox1,YML027W
ypc1,YBR183W
ypf1,YKL100C
ypi1-5002,YFR003C
ypk2,YMR104C
ypk3,YBR028C
ypk9,YOR291W
ypl014w,YPL014W
ypl025c,YPL025C
ypl034w,YPL034W
ypl035c,YPL035C
ypl038w-a,YPL038W-A
ypl039w,YPL039W
ypl060c-a,YPL060C-A
ypl062w,YPL062W
ypl067c,YPL067C
ypl068c,YPL068C
ypl071c,YPL071C
ypl073c,YPL073C
ypl077c,YPL077C
ypl080c,YPL080C
ypl088w,YPL088W
ypl102c,YPL102C
ypl107w,YPL107W
ypl108w,YPL108W
ypl109c,YPL109C
ypl113c,YPL113C
ypl114w,YPL114W
ypl119c-a,YPL119C-A
ypl136w,YPL136W
ypl150w,YPL150W
ypl152w-a,YPL152W-A
ypl162c,YPL162C
ypl182c,YPL182C
ypl185w,YPL185W
ypl191c,YPL191C
ypl197c,YPL197C
ypl199c,YPL199C
ypl205c,YPL205C
ypl216w,YPL216W
ypl225w,YPL225W
ypl229w,YPL229W
ypl245w,YPL245W
ypl247c,YPL247C
ypl257w,YPL257W
ypl260w,YPL260W
ypl261c,YPL261C
ypl264c,YPL264C
ypl276w,YPL276W
ypl277c,YPL277C
ypp1-5003,YGR198W
ypp1-5012,YGR198W
ypq1,YOL092W
ypq2,YDR352W
ypr003c,YPR003C
ypr011c,YPR011C
ypr012w,YPR012W
ypr014c,YPR014C
ypr015c,YPR015C
ypr027c,YPR027C
ypr039w,YPR039W
ypr050c,YPR050C
ypr053c,YPR053C
ypr059c,YPR059C
ypr063c,YPR063C
ypr064w,YPR064W
ypr071w,YPR071W
ypr076w,YPR076W
ypr077c,YPR077C
ypr078c,YPR078C
ypr084w,YPR084W
ypr089w,YPR089W
ypr090w,YPR090W
ypr092w,YPR092W
ypr096c,YPR096C
ypr097w,YPR097W
ypr098c,YPR098C
ypr1,YDR368W
ypr108w-a,YPR108W-A
ypr109w,YPR109W
ypr114w,YPR114W
ypr117w,YPR117W
ypr117w-supp1,YPR117W
ypr123c-supp1,YPR123C
ypr126c,YPR126C
ypr127w,YPR127W
ypr130c,YPR130C
ypr146c,YPR146C
ypr147c,YPR147C
ypr148c,YPR148C
ypr150w,YPR150W
may24,YPR153W
ypr159c-a,YPR159C-A
ypr170c,YPR170C
ypr172w,YPR172W
ypr174c,YPR174C
ypr195c,YPR195C
ypr196w,YPR196W
ypr197c,YPR197C
ypr202w,YPR202W
yps1,YLR120C
yps3,YLR121C
yps5,YGL259W
yps6,YIR039C
yps7,YDR349C
ypt1-3,YFL038C
ypt10,YBR264C
ypt11,YNL304W
ypt31,YER031C
ypt32,YGL210W
ypt35,YHR105W
ypt52,YKR014C
ypt53,YNL093W
ypt6,YLR262C
ypt7,YML001W
yra1-5003,YDR381W
yra2,YKL214C
yrb1-51,YDR002W
yrb30,YGL164C
yrf1-1,YDR545W
yrf1-5,YLR467W
yrm1,YOR172W
yro2,YBR054W
yrr1,YOR162C
ysa1,YBR111C
ysc83,YHR017W
ysc84,YHR016C
ysf3,YNL138W-A
ysp2,YDR326C
ysp3,YOR003W
ysr3,YKR053C
ysw1,YBR148W
ysy6,YBR162W-A
yta12,YMR089C
yta6,YPL074W
yta7,YGR270W
yth1-5004,YPR107C
yth1-5005,YPR107C
yth1-5010,YPR107C
ytm1-1,YOR272W
ytp1,YNL237W
yuh1,YJR099W
yur1,YJL139C
yvc1,YOR087W
yvh1,YIR026C
zap1,YJL056C
zds1,YMR273C
zds2,YML109W
zeo1,YOL109W
zip1,YDR285W
zip2,YGL249W
znf1,YFL052W
zpr1-1,YGR211W
zrc1,YMR243C
zrg17,YNR039C
zrg8,YER033C
zrt1,YGL255W
zrt2,YLR130C
zrt3,YKL175W
zta1,YBR046C
zuo1,YGR285C
zwf1,YNL241C
